appid,name,event_date,rel_month,month,avg_players,peak_players,owners_estimate,metacritic_score,review_count,review_positive_pct,treatment
730,Counter-Strike 2,2025-01-01,-4,2024-09,836306.66,-61031.22,,,,,1
730,Counter-Strike 2,2025-01-01,-3,2024-10,829438.76,-6867.9,,,,,1
730,Counter-Strike 2,2025-01-01,-2,2024-11,852164.3,22725.54,,,,,1
730,Counter-Strike 2,2025-01-01,-1,2024-12,913953.36,61789.06,,,,,1
730,Counter-Strike 2,2025-01-01,0,2025-01,914092.22,138.86,,,,,1
730,Counter-Strike 2,2025-01-01,1,2025-02,1003570.56,89478.34,,,,,1
730,Counter-Strike 2,2025-01-01,2,2025-03,1039662.81,36092.25,,,,,1
730,Counter-Strike 2,2025-01-01,3,2025-04,1045701.65,6038.84,,,,,1
730,Counter-Strike 2,2025-01-01,4,2025-05,1038596.81,-7104.84,,,,,1
2399830,ARK: Survival Ascended,2025-01-01,-4,2024-09,20782.59,8266.06,,,,,1
2399830,ARK: Survival Ascended,2025-01-01,-3,2024-10,16036.0,-4746.6,,,,,1
2399830,ARK: Survival Ascended,2025-01-01,-2,2024-11,16391.5,355.5,,,,,1
2399830,ARK: Survival Ascended,2025-01-01,-1,2024-12,20175.57,3784.07,,,,,1
2399830,ARK: Survival Ascended,2025-01-01,0,2025-01,24055.83,3880.26,,,,,1
2399830,ARK: Survival Ascended,2025-01-01,1,2025-02,21100.28,-2955.55,,,,,1
2399830,ARK: Survival Ascended,2025-01-01,2,2025-03,19411.79,-1688.49,,,,,1
2399830,ARK: Survival Ascended,2025-01-01,3,2025-04,16600.82,-2810.97,,,,,1
2399830,ARK: Survival Ascended,2025-01-01,4,2025-05,15703.9,-896.92,,,,,1
3419520,Quarantine Zone: The Last Check,2025-03-01,-4,2024-11,,,,,,,1
3419520,Quarantine Zone: The Last Check,2025-03-01,-3,2024-12,,,,,,,1
3419520,Quarantine Zone: The Last Check,2025-03-01,-2,2025-01,,,,,,,1
3419520,Quarantine Zone: The Last Check,2025-03-01,-1,2025-02,,,,,,,1
3419520,Quarantine Zone: The Last Check,2025-03-01,0,2025-03,,,,,,,1
3419520,Quarantine Zone: The Last Check,2025-03-01,1,2025-04,,,,,,,1
3419520,Quarantine Zone: The Last Check,2025-03-01,2,2025-05,,,,,,,1
3419520,Quarantine Zone: The Last Check,2025-03-01,3,2025-06,,,,,,,1
3419520,Quarantine Zone: The Last Check,2025-03-01,4,2025-07,,,,,,,1
1675200,Steam Deck,2025-07-01,-4,2025-03,,,,,,,1
1675200,Steam Deck,2025-07-01,-3,2025-04,,,,,,,1
1675200,Steam Deck,2025-07-01,-2,2025-05,,,,,,,1
1675200,Steam Deck,2025-07-01,-1,2025-06,,,,,,,1
1675200,Steam Deck,2025-07-01,0,2025-07,,,,,,,1
1675200,Steam Deck,2025-07-01,1,2025-08,,,,,,,1
1675200,Steam Deck,2025-07-01,2,2025-09,,,,,,,1
1675200,Steam Deck,2025-07-01,3,2025-10,,,,,,,1
1675200,Steam Deck,2025-07-01,4,2025-11,,,,,,,1
1808500,ARC Raiders,2025-09-01,-4,2025-05,,,,,,,1
1808500,ARC Raiders,2025-09-01,-3,2025-06,,,,,,,1
1808500,ARC Raiders,2025-09-01,-2,2025-07,,,,,,,1
1808500,ARC Raiders,2025-09-01,-1,2025-08,,,,,,,1
1808500,ARC Raiders,2025-09-01,0,2025-09,,,,,,,1
1808500,ARC Raiders,2025-09-01,1,2025-10,,,,,,,1
1808500,ARC Raiders,2025-09-01,2,2025-11,,,,,,,1
1808500,ARC Raiders,2025-09-01,3,2025-12,229373.5,-35056.08,,,,,1
1808500,ARC Raiders,2025-09-01,4,2026-01,,,,,,,1
1974050,Torchlight: Infinite,2025-04-01,-4,2024-12,716.11,-3530.89,,,,,1
1974050,Torchlight: Infinite,2025-04-01,-3,2025-01,4219.16,3503.05,,,,,1
1974050,Torchlight: Infinite,2025-04-01,-2,2025-02,1678.58,-2540.59,,,,,1
1974050,Torchlight: Infinite,2025-04-01,-1,2025-03,494.12,-1184.45,,,,,1
1974050,Torchlight: Infinite,2025-04-01,0,2025-04,3451.6,2957.48,,,,,1
1974050,Torchlight: Infinite,2025-04-01,1,2025-05,3237.45,-214.15,,,,,1
1974050,Torchlight: Infinite,2025-04-01,2,2025-06,683.23,-2554.22,,,,,1
1974050,Torchlight: Infinite,2025-04-01,3,2025-07,4941.84,4258.61,,,,,1
1974050,Torchlight: Infinite,2025-04-01,4,2025-08,3686.44,-1255.4,,,,,1
3513350,Wuthering Waves,2025-06-01,-4,2025-02,,,,,,,1
3513350,Wuthering Waves,2025-06-01,-3,2025-03,,,,,,,1
3513350,Wuthering Waves,2025-06-01,-2,2025-04,,,,,,,1
3513350,Wuthering Waves,2025-06-01,-1,2025-05,,,,,,,1
3513350,Wuthering Waves,2025-06-01,0,2025-06,12614.29,2017.58,,,,,1
3513350,Wuthering Waves,2025-06-01,1,2025-07,9268.81,-3345.48,,,,,1
3513350,Wuthering Waves,2025-06-01,2,2025-08,9234.84,-33.96,,,,,1
3513350,Wuthering Waves,2025-06-01,3,2025-09,10635.46,1400.61,,,,,1
3513350,Wuthering Waves,2025-06-01,4,2025-10,10249.5,-385.96,,,,,1
1631270,StarRupture,2025-04-01,-4,2024-12,,,,,,,1
1631270,StarRupture,2025-04-01,-3,2025-01,,,,,,,1
1631270,StarRupture,2025-04-01,-2,2025-02,,,,,,,1
1631270,StarRupture,2025-04-01,-1,2025-03,,,,,,,1
1631270,StarRupture,2025-04-01,0,2025-04,,,,,,,1
1631270,StarRupture,2025-04-01,1,2025-05,,,,,,,1
1631270,StarRupture,2025-04-01,2,2025-06,,,,,,,1
1631270,StarRupture,2025-04-01,3,2025-07,,,,,,,1
1631270,StarRupture,2025-04-01,4,2025-08,,,,,,,1
230410,Warframe,2025-06-01,-4,2025-02,54616.04,1177.41,,"{'score': 69, 'url': 'https://www.metacritic.com/game/pc/warframe?ftag=MCD-06-10aaa1f'}",,,1
230410,Warframe,2025-06-01,-3,2025-03,53343.44,-1272.6,,"{'score': 69, 'url': 'https://www.metacritic.com/game/pc/warframe?ftag=MCD-06-10aaa1f'}",,,1
230410,Warframe,2025-06-01,-2,2025-04,46433.86,-6909.57,,"{'score': 69, 'url': 'https://www.metacritic.com/game/pc/warframe?ftag=MCD-06-10aaa1f'}",,,1
230410,Warframe,2025-06-01,-1,2025-05,43464.03,-2969.84,,"{'score': 69, 'url': 'https://www.metacritic.com/game/pc/warframe?ftag=MCD-06-10aaa1f'}",,,1
230410,Warframe,2025-06-01,0,2025-06,43444.33,-19.7,,"{'score': 69, 'url': 'https://www.metacritic.com/game/pc/warframe?ftag=MCD-06-10aaa1f'}",,,1
230410,Warframe,2025-06-01,1,2025-07,48453.91,5009.58,,"{'score': 69, 'url': 'https://www.metacritic.com/game/pc/warframe?ftag=MCD-06-10aaa1f'}",,,1
230410,Warframe,2025-06-01,2,2025-08,48090.19,-363.72,,"{'score': 69, 'url': 'https://www.metacritic.com/game/pc/warframe?ftag=MCD-06-10aaa1f'}",,,1
230410,Warframe,2025-06-01,3,2025-09,39491.76,-8598.43,,"{'score': 69, 'url': 'https://www.metacritic.com/game/pc/warframe?ftag=MCD-06-10aaa1f'}",,,1
230410,Warframe,2025-06-01,4,2025-10,45256.61,5764.85,,"{'score': 69, 'url': 'https://www.metacritic.com/game/pc/warframe?ftag=MCD-06-10aaa1f'}",,,1
2767030,Marvel Rivals,2025-06-01,-4,2025-02,227999.59,-78066.13,,,,,1
2767030,Marvel Rivals,2025-06-01,-3,2025-03,144301.85,-83697.73,,,,,1
2767030,Marvel Rivals,2025-06-01,-2,2025-04,134118.13,-10183.72,,,,,1
2767030,Marvel Rivals,2025-06-01,-1,2025-05,102116.47,-32001.66,,,,,1
2767030,Marvel Rivals,2025-06-01,0,2025-06,79805.77,-22310.71,,,,,1
2767030,Marvel Rivals,2025-06-01,1,2025-07,82825.08,3019.31,,,,,1
2767030,Marvel Rivals,2025-06-01,2,2025-08,77502.23,-5322.85,,,,,1
2767030,Marvel Rivals,2025-06-01,3,2025-09,64417.54,-13084.68,,,,,1
2767030,Marvel Rivals,2025-06-01,4,2025-10,63715.7,-701.85,,,,,1
3405690,EA SPORTS FC™ 26,2025-08-01,-4,2025-04,,,,,,,1
3405690,EA SPORTS FC™ 26,2025-08-01,-3,2025-05,,,,,,,1
3405690,EA SPORTS FC™ 26,2025-08-01,-2,2025-06,,,,,,,1
3405690,EA SPORTS FC™ 26,2025-08-01,-1,2025-07,,,,,,,1
3405690,EA SPORTS FC™ 26,2025-08-01,0,2025-08,,,,,,,1
3405690,EA SPORTS FC™ 26,2025-08-01,1,2025-09,,,,,,,1
3405690,EA SPORTS FC™ 26,2025-08-01,2,2025-10,,,,,,,1
3405690,EA SPORTS FC™ 26,2025-08-01,3,2025-11,37778.96,-7272.35,,,,,1
3405690,EA SPORTS FC™ 26,2025-08-01,4,2025-12,43066.3,5287.34,,,,,1
3564740,Where Winds Meet,2025-07-01,-4,2025-03,,,,,,,1
3564740,Where Winds Meet,2025-07-01,-3,2025-04,,,,,,,1
3564740,Where Winds Meet,2025-07-01,-2,2025-05,,,,,,,1
3564740,Where Winds Meet,2025-07-01,-1,2025-06,,,,,,,1
3564740,Where Winds Meet,2025-07-01,0,2025-07,,,,,,,1
3564740,Where Winds Meet,2025-07-01,1,2025-08,,,,,,,1
3564740,Where Winds Meet,2025-07-01,2,2025-09,,,,,,,1
3564740,Where Winds Meet,2025-07-01,3,2025-10,,,,,,,1
3564740,Where Winds Meet,2025-07-01,4,2025-11,,,,,,,1
2073620,Arena Breakout: Infinite,2025-09-01,-4,2025-05,,,,,,,1
2073620,Arena Breakout: Infinite,2025-09-01,-3,2025-06,,,,,,,1
2073620,Arena Breakout: Infinite,2025-09-01,-2,2025-07,,,,,,,1
2073620,Arena Breakout: Infinite,2025-09-01,-1,2025-08,,,,,,,1
2073620,Arena Breakout: Infinite,2025-09-01,0,2025-09,,,,,,,1
2073620,Arena Breakout: Infinite,2025-09-01,1,2025-10,35948.39,-1257.44,,,,,1
2073620,Arena Breakout: Infinite,2025-09-01,2,2025-11,24626.41,-11321.98,,,,,1
2073620,Arena Breakout: Infinite,2025-09-01,3,2025-12,18568.5,-6057.91,,,,,1
2073620,Arena Breakout: Infinite,2025-09-01,4,2026-01,,,,,,,1
227300,Euro Truck Simulator 2,2025-05-01,-4,2025-01,31856.36,-1903.39,,"{'score': 79, 'url': 'https://www.metacritic.com/game/pc/euro-truck-simulator-2?ftag=MCD-06-10aaa1f'}",,,1
227300,Euro Truck Simulator 2,2025-05-01,-3,2025-02,27652.13,-4204.23,,"{'score': 79, 'url': 'https://www.metacritic.com/game/pc/euro-truck-simulator-2?ftag=MCD-06-10aaa1f'}",,,1
227300,Euro Truck Simulator 2,2025-05-01,-2,2025-03,27638.45,-13.68,,"{'score': 79, 'url': 'https://www.metacritic.com/game/pc/euro-truck-simulator-2?ftag=MCD-06-10aaa1f'}",,,1
227300,Euro Truck Simulator 2,2025-05-01,-1,2025-04,24923.27,-2715.18,,"{'score': 79, 'url': 'https://www.metacritic.com/game/pc/euro-truck-simulator-2?ftag=MCD-06-10aaa1f'}",,,1
227300,Euro Truck Simulator 2,2025-05-01,0,2025-05,22759.92,-2163.35,,"{'score': 79, 'url': 'https://www.metacritic.com/game/pc/euro-truck-simulator-2?ftag=MCD-06-10aaa1f'}",,,1
227300,Euro Truck Simulator 2,2025-05-01,1,2025-06,22666.31,-93.62,,"{'score': 79, 'url': 'https://www.metacritic.com/game/pc/euro-truck-simulator-2?ftag=MCD-06-10aaa1f'}",,,1
227300,Euro Truck Simulator 2,2025-05-01,2,2025-07,27132.21,4465.91,,"{'score': 79, 'url': 'https://www.metacritic.com/game/pc/euro-truck-simulator-2?ftag=MCD-06-10aaa1f'}",,,1
227300,Euro Truck Simulator 2,2025-05-01,3,2025-08,26215.25,-916.96,,"{'score': 79, 'url': 'https://www.metacritic.com/game/pc/euro-truck-simulator-2?ftag=MCD-06-10aaa1f'}",,,1
227300,Euro Truck Simulator 2,2025-05-01,4,2025-09,23801.93,-2413.32,,"{'score': 79, 'url': 'https://www.metacritic.com/game/pc/euro-truck-simulator-2?ftag=MCD-06-10aaa1f'}",,,1
3316940,The Legend of Heroes: Trails beyond the Horizon,2026-01-01,-4,2025-09,,,,,,,1
3316940,The Legend of Heroes: Trails beyond the Horizon,2026-01-01,-3,2025-10,,,,,,,1
3316940,The Legend of Heroes: Trails beyond the Horizon,2026-01-01,-2,2025-11,,,,,,,1
3316940,The Legend of Heroes: Trails beyond the Horizon,2026-01-01,-1,2025-12,,,,,,,1
3316940,The Legend of Heroes: Trails beyond the Horizon,2026-01-01,0,2026-01,,,,,,,1
3316940,The Legend of Heroes: Trails beyond the Horizon,2026-01-01,1,2026-02,,,,,,,1
3316940,The Legend of Heroes: Trails beyond the Horizon,2026-01-01,2,2026-03,,,,,,,1
3316940,The Legend of Heroes: Trails beyond the Horizon,2026-01-01,3,2026-04,,,,,,,1
3316940,The Legend of Heroes: Trails beyond the Horizon,2026-01-01,4,2026-05,,,,,,,1
236390,War Thunder,2025-11-01,-4,2025-07,52813.64,-3521.18,,"{'score': 81, 'url': 'https://www.metacritic.com/game/pc/war-thunder?ftag=MCD-06-10aaa1f'}",,,1
236390,War Thunder,2025-11-01,-3,2025-08,51837.21,-976.43,,"{'score': 81, 'url': 'https://www.metacritic.com/game/pc/war-thunder?ftag=MCD-06-10aaa1f'}",,,1
236390,War Thunder,2025-11-01,-2,2025-09,47551.92,-4285.29,,"{'score': 81, 'url': 'https://www.metacritic.com/game/pc/war-thunder?ftag=MCD-06-10aaa1f'}",,,1
236390,War Thunder,2025-11-01,-1,2025-10,50444.98,2893.06,,"{'score': 81, 'url': 'https://www.metacritic.com/game/pc/war-thunder?ftag=MCD-06-10aaa1f'}",,,1
236390,War Thunder,2025-11-01,0,2025-11,54176.1,3731.12,,"{'score': 81, 'url': 'https://www.metacritic.com/game/pc/war-thunder?ftag=MCD-06-10aaa1f'}",,,1
236390,War Thunder,2025-11-01,1,2025-12,60552.23,6376.13,,"{'score': 81, 'url': 'https://www.metacritic.com/game/pc/war-thunder?ftag=MCD-06-10aaa1f'}",,,1
236390,War Thunder,2025-11-01,2,2026-01,,,,"{'score': 81, 'url': 'https://www.metacritic.com/game/pc/war-thunder?ftag=MCD-06-10aaa1f'}",,,1
236390,War Thunder,2025-11-01,3,2026-02,,,,"{'score': 81, 'url': 'https://www.metacritic.com/game/pc/war-thunder?ftag=MCD-06-10aaa1f'}",,,1
236390,War Thunder,2025-11-01,4,2026-03,,,,"{'score': 81, 'url': 'https://www.metacritic.com/game/pc/war-thunder?ftag=MCD-06-10aaa1f'}",,,1
552990,World of Warships,2025-03-01,-4,2024-11,6980.86,186.2,,"{'score': 81, 'url': 'https://www.metacritic.com/game/pc/world-of-warships?ftag=MCD-06-10aaa1f'}",,,1
552990,World of Warships,2025-03-01,-3,2024-12,8747.15,1766.3,,"{'score': 81, 'url': 'https://www.metacritic.com/game/pc/world-of-warships?ftag=MCD-06-10aaa1f'}",,,1
552990,World of Warships,2025-03-01,-2,2025-01,7584.18,-1162.97,,"{'score': 81, 'url': 'https://www.metacritic.com/game/pc/world-of-warships?ftag=MCD-06-10aaa1f'}",,,1
552990,World of Warships,2025-03-01,-1,2025-02,6391.12,-1193.07,,"{'score': 81, 'url': 'https://www.metacritic.com/game/pc/world-of-warships?ftag=MCD-06-10aaa1f'}",,,1
552990,World of Warships,2025-03-01,0,2025-03,6745.2,354.08,,"{'score': 81, 'url': 'https://www.metacritic.com/game/pc/world-of-warships?ftag=MCD-06-10aaa1f'}",,,1
552990,World of Warships,2025-03-01,1,2025-04,6630.23,-114.97,,"{'score': 81, 'url': 'https://www.metacritic.com/game/pc/world-of-warships?ftag=MCD-06-10aaa1f'}",,,1
552990,World of Warships,2025-03-01,2,2025-05,9936.47,3306.24,,"{'score': 81, 'url': 'https://www.metacritic.com/game/pc/world-of-warships?ftag=MCD-06-10aaa1f'}",,,1
552990,World of Warships,2025-03-01,3,2025-06,7661.0,-2275.46,,"{'score': 81, 'url': 'https://www.metacritic.com/game/pc/world-of-warships?ftag=MCD-06-10aaa1f'}",,,1
552990,World of Warships,2025-03-01,4,2025-07,8714.17,1053.17,,"{'score': 81, 'url': 'https://www.metacritic.com/game/pc/world-of-warships?ftag=MCD-06-10aaa1f'}",,,1
3681810,Blue Protocol: Star Resonance,2025-10-01,-4,2025-06,,,,,,,1
3681810,Blue Protocol: Star Resonance,2025-10-01,-3,2025-07,,,,,,,1
3681810,Blue Protocol: Star Resonance,2025-10-01,-2,2025-08,,,,,,,1
3681810,Blue Protocol: Star Resonance,2025-10-01,-1,2025-09,,,,,,,1
3681810,Blue Protocol: Star Resonance,2025-10-01,0,2025-10,,,,,,,1
3681810,Blue Protocol: Star Resonance,2025-10-01,1,2025-11,12960.88,-25445.65,,,,,1
3681810,Blue Protocol: Star Resonance,2025-10-01,2,2025-12,3807.38,-9153.5,,,,,1
3681810,Blue Protocol: Star Resonance,2025-10-01,3,2026-01,,,,,,,1
3681810,Blue Protocol: Star Resonance,2025-10-01,4,2026-02,,,,,,,1
252490,Rust,2025-02-01,-4,2024-10,89776.59,13530.91,,"{'score': 69, 'url': 'https://www.metacritic.com/game/pc/rust?ftag=MCD-06-10aaa1f'}",,,1
252490,Rust,2025-02-01,-3,2024-11,95865.05,6088.46,,"{'score': 69, 'url': 'https://www.metacritic.com/game/pc/rust?ftag=MCD-06-10aaa1f'}",,,1
252490,Rust,2025-02-01,-2,2024-12,112605.48,16740.42,,"{'score': 69, 'url': 'https://www.metacritic.com/game/pc/rust?ftag=MCD-06-10aaa1f'}",,,1
252490,Rust,2025-02-01,-1,2025-01,124496.12,11890.65,,"{'score': 69, 'url': 'https://www.metacritic.com/game/pc/rust?ftag=MCD-06-10aaa1f'}",,,1
252490,Rust,2025-02-01,0,2025-02,121569.09,-2927.04,,"{'score': 69, 'url': 'https://www.metacritic.com/game/pc/rust?ftag=MCD-06-10aaa1f'}",,,1
252490,Rust,2025-02-01,1,2025-03,111583.76,-9985.32,,"{'score': 69, 'url': 'https://www.metacritic.com/game/pc/rust?ftag=MCD-06-10aaa1f'}",,,1
252490,Rust,2025-02-01,2,2025-04,97804.56,-13779.2,,"{'score': 69, 'url': 'https://www.metacritic.com/game/pc/rust?ftag=MCD-06-10aaa1f'}",,,1
252490,Rust,2025-02-01,3,2025-05,105523.45,7718.89,,"{'score': 69, 'url': 'https://www.metacritic.com/game/pc/rust?ftag=MCD-06-10aaa1f'}",,,1
252490,Rust,2025-02-01,4,2025-06,98462.98,-7060.47,,"{'score': 69, 'url': 'https://www.metacritic.com/game/pc/rust?ftag=MCD-06-10aaa1f'}",,,1
3240220,Grand Theft Auto V Enhanced,2025-03-01,-4,2024-11,,,,,,,1
3240220,Grand Theft Auto V Enhanced,2025-03-01,-3,2024-12,,,,,,,1
3240220,Grand Theft Auto V Enhanced,2025-03-01,-2,2025-01,,,,,,,1
3240220,Grand Theft Auto V Enhanced,2025-03-01,-1,2025-02,,,,,,,1
3240220,Grand Theft Auto V Enhanced,2025-03-01,0,2025-03,,,,,,,1
3240220,Grand Theft Auto V Enhanced,2025-03-01,1,2025-04,45409.34,-29884.72,,,,,1
3240220,Grand Theft Auto V Enhanced,2025-03-01,2,2025-05,45229.32,-180.02,,,,,1
3240220,Grand Theft Auto V Enhanced,2025-03-01,3,2025-06,43566.13,-1663.19,,,,,1
3240220,Grand Theft Auto V Enhanced,2025-03-01,4,2025-07,39977.07,-3589.06,,,,,1
381210,Dead by Daylight,2025-03-01,-4,2024-11,38567.86,-1129.23,,,,,1
381210,Dead by Daylight,2025-03-01,-3,2024-12,31374.61,-7193.25,,,,,1
381210,Dead by Daylight,2025-03-01,-2,2025-01,30521.87,-852.75,,,,,1
381210,Dead by Daylight,2025-03-01,-1,2025-02,35637.13,5115.27,,,,,1
381210,Dead by Daylight,2025-03-01,0,2025-03,31725.69,-3911.44,,,,,1
381210,Dead by Daylight,2025-03-01,1,2025-04,41449.36,9723.67,,,,,1
381210,Dead by Daylight,2025-03-01,2,2025-05,42186.57,737.21,,,,,1
381210,Dead by Daylight,2025-03-01,3,2025-06,56489.89,14303.32,,,,,1
381210,Dead by Daylight,2025-03-01,4,2025-07,63536.57,7046.68,,,,,1
1771110,Craftlings,2025-02-01,-4,2024-10,,,,,,,1
1771110,Craftlings,2025-02-01,-3,2024-11,,,,,,,1
1771110,Craftlings,2025-02-01,-2,2024-12,,,,,,,1
1771110,Craftlings,2025-02-01,-1,2025-01,,,,,,,1
1771110,Craftlings,2025-02-01,0,2025-02,,,,,,,1
1771110,Craftlings,2025-02-01,1,2025-03,,,,,,,1
1771110,Craftlings,2025-02-01,2,2025-04,,,,,,,1
1771110,Craftlings,2025-02-01,3,2025-05,,,,,,,1
1771110,Craftlings,2025-02-01,4,2025-06,,,,,,,1
2694490,Path of Exile 2,2025-05-01,-4,2025-01,190494.21,-113705.19,,,,,1
2694490,Path of Exile 2,2025-05-01,-3,2025-02,88935.0,-101559.21,,,,,1
2694490,Path of Exile 2,2025-05-01,-2,2025-03,29922.54,-59012.46,,,,,1
2694490,Path of Exile 2,2025-05-01,-1,2025-04,92367.27,62444.73,,,,,1
2694490,Path of Exile 2,2025-05-01,0,2025-05,33894.98,-58472.29,,,,,1
2694490,Path of Exile 2,2025-05-01,1,2025-06,15523.92,-18371.06,,,,,1
2694490,Path of Exile 2,2025-05-01,2,2025-07,7865.96,-7657.97,,,,,1
2694490,Path of Exile 2,2025-05-01,3,2025-08,25261.3,17395.34,,,,,1
2694490,Path of Exile 2,2025-05-01,4,2025-09,121309.91,96048.62,,,,,1
2183900,"Warhammer 40,000: Space Marine 2",2025-01-01,-4,2024-09,,,,"{'score': 82, 'url': 'https://www.metacritic.com/game/pc/warhammer-40000-space-marine-ii?ftag=MCD-06-10aaa1f'}",,,1
2183900,"Warhammer 40,000: Space Marine 2",2025-01-01,-3,2024-10,25447.32,-51902.4,,"{'score': 82, 'url': 'https://www.metacritic.com/game/pc/warhammer-40000-space-marine-ii?ftag=MCD-06-10aaa1f'}",,,1
2183900,"Warhammer 40,000: Space Marine 2",2025-01-01,-2,2024-11,10723.97,-14723.36,,"{'score': 82, 'url': 'https://www.metacritic.com/game/pc/warhammer-40000-space-marine-ii?ftag=MCD-06-10aaa1f'}",,,1
2183900,"Warhammer 40,000: Space Marine 2",2025-01-01,-1,2024-12,9950.65,-773.32,,"{'score': 82, 'url': 'https://www.metacritic.com/game/pc/warhammer-40000-space-marine-ii?ftag=MCD-06-10aaa1f'}",,,1
2183900,"Warhammer 40,000: Space Marine 2",2025-01-01,0,2025-01,8462.6,-1488.05,,"{'score': 82, 'url': 'https://www.metacritic.com/game/pc/warhammer-40000-space-marine-ii?ftag=MCD-06-10aaa1f'}",,,1
2183900,"Warhammer 40,000: Space Marine 2",2025-01-01,1,2025-02,8455.29,-7.31,,"{'score': 82, 'url': 'https://www.metacritic.com/game/pc/warhammer-40000-space-marine-ii?ftag=MCD-06-10aaa1f'}",,,1
2183900,"Warhammer 40,000: Space Marine 2",2025-01-01,2,2025-03,6652.42,-1802.86,,"{'score': 82, 'url': 'https://www.metacritic.com/game/pc/warhammer-40000-space-marine-ii?ftag=MCD-06-10aaa1f'}",,,1
2183900,"Warhammer 40,000: Space Marine 2",2025-01-01,3,2025-04,7842.28,1189.86,,"{'score': 82, 'url': 'https://www.metacritic.com/game/pc/warhammer-40000-space-marine-ii?ftag=MCD-06-10aaa1f'}",,,1
2183900,"Warhammer 40,000: Space Marine 2",2025-01-01,4,2025-05,7612.21,-230.08,,"{'score': 82, 'url': 'https://www.metacritic.com/game/pc/warhammer-40000-space-marine-ii?ftag=MCD-06-10aaa1f'}",,,1
2429640,Throne and Liberty,2025-01-01,-4,2024-09,,,,,,,1
2429640,Throne and Liberty,2025-01-01,-3,2024-10,,,,,,,1
2429640,Throne and Liberty,2025-01-01,-2,2024-11,84039.19,-70986.93,,,,,1
2429640,Throne and Liberty,2025-01-01,-1,2024-12,47179.04,-36860.15,,,,,1
2429640,Throne and Liberty,2025-01-01,0,2025-01,28270.26,-18908.77,,,,,1
2429640,Throne and Liberty,2025-01-01,1,2025-02,19845.02,-8425.24,,,,,1
2429640,Throne and Liberty,2025-01-01,2,2025-03,25877.39,6032.37,,,,,1
2429640,Throne and Liberty,2025-01-01,3,2025-04,21326.8,-4550.58,,,,,1
2429640,Throne and Liberty,2025-01-01,4,2025-05,15680.81,-5646.0,,,,,1
3274580,Anno 117: Pax Romana,2025-03-01,-4,2024-11,,,,"{'score': 84, 'url': 'https://www.metacritic.com/game/pc/anno-117-pax-romana?ftag=MCD-06-10aaa1f'}",,,1
3274580,Anno 117: Pax Romana,2025-03-01,-3,2024-12,,,,"{'score': 84, 'url': 'https://www.metacritic.com/game/pc/anno-117-pax-romana?ftag=MCD-06-10aaa1f'}",,,1
3274580,Anno 117: Pax Romana,2025-03-01,-2,2025-01,,,,"{'score': 84, 'url': 'https://www.metacritic.com/game/pc/anno-117-pax-romana?ftag=MCD-06-10aaa1f'}",,,1
3274580,Anno 117: Pax Romana,2025-03-01,-1,2025-02,,,,"{'score': 84, 'url': 'https://www.metacritic.com/game/pc/anno-117-pax-romana?ftag=MCD-06-10aaa1f'}",,,1
3274580,Anno 117: Pax Romana,2025-03-01,0,2025-03,,,,"{'score': 84, 'url': 'https://www.metacritic.com/game/pc/anno-117-pax-romana?ftag=MCD-06-10aaa1f'}",,,1
3274580,Anno 117: Pax Romana,2025-03-01,1,2025-04,,,,"{'score': 84, 'url': 'https://www.metacritic.com/game/pc/anno-117-pax-romana?ftag=MCD-06-10aaa1f'}",,,1
3274580,Anno 117: Pax Romana,2025-03-01,2,2025-05,,,,"{'score': 84, 'url': 'https://www.metacritic.com/game/pc/anno-117-pax-romana?ftag=MCD-06-10aaa1f'}",,,1
3274580,Anno 117: Pax Romana,2025-03-01,3,2025-06,,,,"{'score': 84, 'url': 'https://www.metacritic.com/game/pc/anno-117-pax-romana?ftag=MCD-06-10aaa1f'}",,,1
3274580,Anno 117: Pax Romana,2025-03-01,4,2025-07,,,,"{'score': 84, 'url': 'https://www.metacritic.com/game/pc/anno-117-pax-romana?ftag=MCD-06-10aaa1f'}",,,1
3764200,Resident Evil Requiem,2025-12-01,-4,2025-08,,,,,,,1
3764200,Resident Evil Requiem,2025-12-01,-3,2025-09,,,,,,,1
3764200,Resident Evil Requiem,2025-12-01,-2,2025-10,,,,,,,1
3764200,Resident Evil Requiem,2025-12-01,-1,2025-11,,,,,,,1
3764200,Resident Evil Requiem,2025-12-01,0,2025-12,,,,,,,1
3764200,Resident Evil Requiem,2025-12-01,1,2026-01,,,,,,,1
3764200,Resident Evil Requiem,2025-12-01,2,2026-02,,,,,,,1
3764200,Resident Evil Requiem,2025-12-01,3,2026-03,,,,,,,1
3764200,Resident Evil Requiem,2025-12-01,4,2026-04,,,,,,,1
3720100,ARK: Lost Colony Expansion Pass,,-4,,,,,,,,0
3720100,ARK: Lost Colony Expansion Pass,,-3,,,,,,,,0
3720100,ARK: Lost Colony Expansion Pass,,-2,,,,,,,,0
3720100,ARK: Lost Colony Expansion Pass,,-1,,,,,,,,0
3720100,ARK: Lost Colony Expansion Pass,,0,,,,,,,,0
3720100,ARK: Lost Colony Expansion Pass,,1,,,,,,,,0
3720100,ARK: Lost Colony Expansion Pass,,2,,,,,,,,0
3720100,ARK: Lost Colony Expansion Pass,,3,,,,,,,,0
3720100,ARK: Lost Colony Expansion Pass,,4,,,,,,,,0
2300320,Farming Simulator 25,2025-01-01,-4,2024-09,,,,,,,1
2300320,Farming Simulator 25,2025-01-01,-3,2024-10,,,,,,,1
2300320,Farming Simulator 25,2025-01-01,-2,2024-11,,,,,,,1
2300320,Farming Simulator 25,2025-01-01,-1,2024-12,33999.87,-19541.86,,,,,1
2300320,Farming Simulator 25,2025-01-01,0,2025-01,23739.4,-10260.47,,,,,1
2300320,Farming Simulator 25,2025-01-01,1,2025-02,19997.33,-3742.07,,,,,1
2300320,Farming Simulator 25,2025-01-01,2,2025-03,17828.2,-2169.13,,,,,1
2300320,Farming Simulator 25,2025-01-01,3,2025-04,16455.94,-1372.25,,,,,1
2300320,Farming Simulator 25,2025-01-01,4,2025-05,18527.85,2071.9,,,,,1
2807960,Battlefield™ 6,2025-10-01,-4,2025-06,,,,"{'score': 82, 'url': 'https://www.metacritic.com/game/pc/battlefield-6?ftag=MCD-06-10aaa1f'}",,,1
2807960,Battlefield™ 6,2025-10-01,-3,2025-07,,,,"{'score': 82, 'url': 'https://www.metacritic.com/game/pc/battlefield-6?ftag=MCD-06-10aaa1f'}",,,1
2807960,Battlefield™ 6,2025-10-01,-2,2025-08,,,,"{'score': 82, 'url': 'https://www.metacritic.com/game/pc/battlefield-6?ftag=MCD-06-10aaa1f'}",,,1
2807960,Battlefield™ 6,2025-10-01,-1,2025-09,,,,"{'score': 82, 'url': 'https://www.metacritic.com/game/pc/battlefield-6?ftag=MCD-06-10aaa1f'}",,,1
2807960,Battlefield™ 6,2025-10-01,0,2025-10,,,,"{'score': 82, 'url': 'https://www.metacritic.com/game/pc/battlefield-6?ftag=MCD-06-10aaa1f'}",,,1
2807960,Battlefield™ 6,2025-10-01,1,2025-11,223407.41,-87732.9,,"{'score': 82, 'url': 'https://www.metacritic.com/game/pc/battlefield-6?ftag=MCD-06-10aaa1f'}",,,1
2807960,Battlefield™ 6,2025-10-01,2,2025-12,89597.27,-133810.15,,"{'score': 82, 'url': 'https://www.metacritic.com/game/pc/battlefield-6?ftag=MCD-06-10aaa1f'}",,,1
2807960,Battlefield™ 6,2025-10-01,3,2026-01,,,,"{'score': 82, 'url': 'https://www.metacritic.com/game/pc/battlefield-6?ftag=MCD-06-10aaa1f'}",,,1
2807960,Battlefield™ 6,2025-10-01,4,2026-02,,,,"{'score': 82, 'url': 'https://www.metacritic.com/game/pc/battlefield-6?ftag=MCD-06-10aaa1f'}",,,1
1599340,Lost Ark,2025-01-01,-4,2024-09,17447.08,-2538.05,,,,,1
1599340,Lost Ark,2025-01-01,-3,2024-10,17973.62,526.54,,,,,1
1599340,Lost Ark,2025-01-01,-2,2024-11,17040.34,-933.27,,,,,1
1599340,Lost Ark,2025-01-01,-1,2024-12,22378.75,5338.4,,,,,1
1599340,Lost Ark,2025-01-01,0,2025-01,26813.01,4434.26,,,,,1
1599340,Lost Ark,2025-01-01,1,2025-02,17243.98,-9569.03,,,,,1
1599340,Lost Ark,2025-01-01,2,2025-03,13108.49,-4135.49,,,,,1
1599340,Lost Ark,2025-01-01,3,2025-04,14348.04,1239.55,,,,,1
1599340,Lost Ark,2025-01-01,4,2025-05,18338.22,3990.18,,,,,1
2840770,Avatar: Frontiers of Pandora™,2025-09-01,-4,2025-05,326.95,-14.49,,,,,1
2840770,Avatar: Frontiers of Pandora™,2025-09-01,-3,2025-06,294.2,-32.75,,,,,1
2840770,Avatar: Frontiers of Pandora™,2025-09-01,-2,2025-07,668.07,373.87,,,,,1
2840770,Avatar: Frontiers of Pandora™,2025-09-01,-1,2025-08,520.65,-147.42,,,,,1
2840770,Avatar: Frontiers of Pandora™,2025-09-01,0,2025-09,680.21,159.56,,,,,1
2840770,Avatar: Frontiers of Pandora™,2025-09-01,1,2025-10,756.64,76.43,,,,,1
2840770,Avatar: Frontiers of Pandora™,2025-09-01,2,2025-11,562.32,-194.33,,,,,1
2840770,Avatar: Frontiers of Pandora™,2025-09-01,3,2025-12,2955.81,2393.5,,,,,1
2840770,Avatar: Frontiers of Pandora™,2025-09-01,4,2026-01,,,,,,,1
1222670,The Sims™ 4,2025-01-01,-4,2024-09,27007.87,-4550.92,,,,,1
1222670,The Sims™ 4,2025-01-01,-3,2024-10,25758.04,-1249.83,,,,,1
1222670,The Sims™ 4,2025-01-01,-2,2024-11,27025.81,1267.77,,,,,1
1222670,The Sims™ 4,2025-01-01,-1,2024-12,27845.23,819.42,,,,,1
1222670,The Sims™ 4,2025-01-01,0,2025-01,31539.74,3694.51,,,,,1
1222670,The Sims™ 4,2025-01-01,1,2025-02,34961.7,3421.96,,,,,1
1222670,The Sims™ 4,2025-01-01,2,2025-03,33790.88,-1170.82,,,,,1
1222670,The Sims™ 4,2025-01-01,3,2025-04,29096.98,-4693.9,,,,,1
1222670,The Sims™ 4,2025-01-01,4,2025-05,27350.81,-1746.16,,,,,1
1172470,Apex Legends™,2025-05-01,-4,2025-01,69580.22,-4616.17,,"{'score': 88, 'url': 'https://www.metacritic.com/game/pc/apex-legends?ftag=MCD-06-10aaa1f'}",,,1
1172470,Apex Legends™,2025-05-01,-3,2025-02,95099.47,25519.26,,"{'score': 88, 'url': 'https://www.metacritic.com/game/pc/apex-legends?ftag=MCD-06-10aaa1f'}",,,1
1172470,Apex Legends™,2025-05-01,-2,2025-03,90276.4,-4823.08,,"{'score': 88, 'url': 'https://www.metacritic.com/game/pc/apex-legends?ftag=MCD-06-10aaa1f'}",,,1
1172470,Apex Legends™,2025-05-01,-1,2025-04,106840.8,16564.41,,"{'score': 88, 'url': 'https://www.metacritic.com/game/pc/apex-legends?ftag=MCD-06-10aaa1f'}",,,1
1172470,Apex Legends™,2025-05-01,0,2025-05,134646.62,27805.82,,"{'score': 88, 'url': 'https://www.metacritic.com/game/pc/apex-legends?ftag=MCD-06-10aaa1f'}",,,1
1172470,Apex Legends™,2025-05-01,1,2025-06,106933.93,-27712.69,,"{'score': 88, 'url': 'https://www.metacritic.com/game/pc/apex-legends?ftag=MCD-06-10aaa1f'}",,,1
1172470,Apex Legends™,2025-05-01,2,2025-07,90567.12,-16366.81,,"{'score': 88, 'url': 'https://www.metacritic.com/game/pc/apex-legends?ftag=MCD-06-10aaa1f'}",,,1
1172470,Apex Legends™,2025-05-01,3,2025-08,101672.5,11105.38,,"{'score': 88, 'url': 'https://www.metacritic.com/game/pc/apex-legends?ftag=MCD-06-10aaa1f'}",,,1
1172470,Apex Legends™,2025-05-01,4,2025-09,83772.59,-17899.91,,"{'score': 88, 'url': 'https://www.metacritic.com/game/pc/apex-legends?ftag=MCD-06-10aaa1f'}",,,1
2074920,The First Descendant,2025-09-01,-4,2025-05,5983.47,-1043.65,,,,,1
2074920,The First Descendant,2025-09-01,-3,2025-06,6211.7,228.23,,,,,1
2074920,The First Descendant,2025-09-01,-2,2025-07,6653.78,442.09,,,,,1
2074920,The First Descendant,2025-09-01,-1,2025-08,10948.56,4294.77,,,,,1
2074920,The First Descendant,2025-09-01,0,2025-09,7230.0,-3718.56,,,,,1
2074920,The First Descendant,2025-09-01,1,2025-10,5332.04,-1897.96,,,,,1
2074920,The First Descendant,2025-09-01,2,2025-11,6583.45,1251.41,,,,,1
2074920,The First Descendant,2025-09-01,3,2025-12,5547.68,-1035.77,,,,,1
2074920,The First Descendant,2025-09-01,4,2026-01,,,,,,,1
916440,Anno 1800,2025-07-01,-4,2025-03,10726.04,8187.22,,"{'score': 81, 'url': 'https://www.metacritic.com/game/pc/anno-1800?ftag=MCD-06-10aaa1f'}",,,1
916440,Anno 1800,2025-07-01,-3,2025-04,4748.27,-5977.76,,"{'score': 81, 'url': 'https://www.metacritic.com/game/pc/anno-1800?ftag=MCD-06-10aaa1f'}",,,1
916440,Anno 1800,2025-07-01,-2,2025-05,3730.48,-1017.79,,"{'score': 81, 'url': 'https://www.metacritic.com/game/pc/anno-1800?ftag=MCD-06-10aaa1f'}",,,1
916440,Anno 1800,2025-07-01,-1,2025-06,3464.85,-265.63,,"{'score': 81, 'url': 'https://www.metacritic.com/game/pc/anno-1800?ftag=MCD-06-10aaa1f'}",,,1
916440,Anno 1800,2025-07-01,0,2025-07,3146.97,-317.88,,"{'score': 81, 'url': 'https://www.metacritic.com/game/pc/anno-1800?ftag=MCD-06-10aaa1f'}",,,1
916440,Anno 1800,2025-07-01,1,2025-08,4460.9,1313.92,,"{'score': 81, 'url': 'https://www.metacritic.com/game/pc/anno-1800?ftag=MCD-06-10aaa1f'}",,,1
916440,Anno 1800,2025-07-01,2,2025-09,4627.3,166.41,,"{'score': 81, 'url': 'https://www.metacritic.com/game/pc/anno-1800?ftag=MCD-06-10aaa1f'}",,,1
916440,Anno 1800,2025-07-01,3,2025-10,5487.89,860.58,,"{'score': 81, 'url': 'https://www.metacritic.com/game/pc/anno-1800?ftag=MCD-06-10aaa1f'}",,,1
916440,Anno 1800,2025-07-01,4,2025-11,3689.61,-1798.27,,"{'score': 81, 'url': 'https://www.metacritic.com/game/pc/anno-1800?ftag=MCD-06-10aaa1f'}",,,1
578080,PUBG: BATTLEGROUNDS,2025-08-01,-4,2025-04,317441.03,-28086.31,,,,,1
578080,PUBG: BATTLEGROUNDS,2025-08-01,-3,2025-05,305253.18,-12187.85,,,,,1
578080,PUBG: BATTLEGROUNDS,2025-08-01,-2,2025-06,309892.01,4638.83,,,,,1
578080,PUBG: BATTLEGROUNDS,2025-08-01,-1,2025-07,303261.31,-6630.7,,,,,1
578080,PUBG: BATTLEGROUNDS,2025-08-01,0,2025-08,295503.96,-7757.35,,,,,1
578080,PUBG: BATTLEGROUNDS,2025-08-01,1,2025-09,278095.62,-17408.34,,,,,1
578080,PUBG: BATTLEGROUNDS,2025-08-01,2,2025-10,266558.99,-11536.63,,,,,1
578080,PUBG: BATTLEGROUNDS,2025-08-01,3,2025-11,277985.22,11426.23,,,,,1
578080,PUBG: BATTLEGROUNDS,2025-08-01,4,2025-12,279406.47,1421.25,,,,,1
1086940,Baldur's Gate 3,2025-04-01,-4,2024-12,61423.94,2642.41,,"{'score': 96, 'url': 'https://www.metacritic.com/game/pc/baldurs-gate-3?ftag=MCD-06-10aaa1f'}",,,1
1086940,Baldur's Gate 3,2025-04-01,-3,2025-01,66434.64,5010.7,,"{'score': 96, 'url': 'https://www.metacritic.com/game/pc/baldurs-gate-3?ftag=MCD-06-10aaa1f'}",,,1
1086940,Baldur's Gate 3,2025-04-01,-2,2025-02,58799.09,-7635.55,,"{'score': 96, 'url': 'https://www.metacritic.com/game/pc/baldurs-gate-3?ftag=MCD-06-10aaa1f'}",,,1
1086940,Baldur's Gate 3,2025-04-01,-1,2025-03,50333.03,-8466.06,,"{'score': 96, 'url': 'https://www.metacritic.com/game/pc/baldurs-gate-3?ftag=MCD-06-10aaa1f'}",,,1
1086940,Baldur's Gate 3,2025-04-01,0,2025-04,71448.86,21115.83,,"{'score': 96, 'url': 'https://www.metacritic.com/game/pc/baldurs-gate-3?ftag=MCD-06-10aaa1f'}",,,1
1086940,Baldur's Gate 3,2025-04-01,1,2025-05,72840.76,1391.9,,"{'score': 96, 'url': 'https://www.metacritic.com/game/pc/baldurs-gate-3?ftag=MCD-06-10aaa1f'}",,,1
1086940,Baldur's Gate 3,2025-04-01,2,2025-06,54291.78,-18548.98,,"{'score': 96, 'url': 'https://www.metacritic.com/game/pc/baldurs-gate-3?ftag=MCD-06-10aaa1f'}",,,1
1086940,Baldur's Gate 3,2025-04-01,3,2025-07,51305.96,-2985.82,,"{'score': 96, 'url': 'https://www.metacritic.com/game/pc/baldurs-gate-3?ftag=MCD-06-10aaa1f'}",,,1
1086940,Baldur's Gate 3,2025-04-01,4,2025-08,53730.03,2424.08,,"{'score': 96, 'url': 'https://www.metacritic.com/game/pc/baldurs-gate-3?ftag=MCD-06-10aaa1f'}",,,1
1222140,Detroit: Become Human,,-4,2025-08,2257.55,-595.15,,"{'score': 80, 'url': 'https://www.metacritic.com/game/pc/detroit-become-human?ftag=MCD-06-10aaa1f'}",,,0
1222140,Detroit: Become Human,,-3,2025-09,1340.71,-916.84,,"{'score': 80, 'url': 'https://www.metacritic.com/game/pc/detroit-become-human?ftag=MCD-06-10aaa1f'}",,,0
1222140,Detroit: Become Human,,-2,2025-10,4004.02,2663.31,,"{'score': 80, 'url': 'https://www.metacritic.com/game/pc/detroit-become-human?ftag=MCD-06-10aaa1f'}",,,0
1222140,Detroit: Become Human,,-1,2025-11,3225.82,-778.2,,"{'score': 80, 'url': 'https://www.metacritic.com/game/pc/detroit-become-human?ftag=MCD-06-10aaa1f'}",,,0
1222140,Detroit: Become Human,,0,2025-12,7582.2,4356.38,,"{'score': 80, 'url': 'https://www.metacritic.com/game/pc/detroit-become-human?ftag=MCD-06-10aaa1f'}",,,0
1222140,Detroit: Become Human,,1,2026-01,,,,"{'score': 80, 'url': 'https://www.metacritic.com/game/pc/detroit-become-human?ftag=MCD-06-10aaa1f'}",,,0
1222140,Detroit: Become Human,,2,2026-02,,,,"{'score': 80, 'url': 'https://www.metacritic.com/game/pc/detroit-become-human?ftag=MCD-06-10aaa1f'}",,,0
1222140,Detroit: Become Human,,3,2026-03,,,,"{'score': 80, 'url': 'https://www.metacritic.com/game/pc/detroit-become-human?ftag=MCD-06-10aaa1f'}",,,0
1222140,Detroit: Become Human,,4,2026-04,,,,"{'score': 80, 'url': 'https://www.metacritic.com/game/pc/detroit-become-human?ftag=MCD-06-10aaa1f'}",,,0
582660,Black Desert,2025-01-01,-4,2024-09,12508.66,-668.08,,"{'score': 80, 'url': 'https://www.metacritic.com/game/pc/black-desert-online-land-of-the-morning-light-edition?ftag=MCD-06-10aaa1f'}",,,1
582660,Black Desert,2025-01-01,-3,2024-10,10404.96,-2103.71,,"{'score': 80, 'url': 'https://www.metacritic.com/game/pc/black-desert-online-land-of-the-morning-light-edition?ftag=MCD-06-10aaa1f'}",,,1
582660,Black Desert,2025-01-01,-2,2024-11,12309.3,1904.34,,"{'score': 80, 'url': 'https://www.metacritic.com/game/pc/black-desert-online-land-of-the-morning-light-edition?ftag=MCD-06-10aaa1f'}",,,1
582660,Black Desert,2025-01-01,-1,2024-12,14600.98,2291.68,,"{'score': 80, 'url': 'https://www.metacritic.com/game/pc/black-desert-online-land-of-the-morning-light-edition?ftag=MCD-06-10aaa1f'}",,,1
582660,Black Desert,2025-01-01,0,2025-01,19247.09,4646.11,,"{'score': 80, 'url': 'https://www.metacritic.com/game/pc/black-desert-online-land-of-the-morning-light-edition?ftag=MCD-06-10aaa1f'}",,,1
582660,Black Desert,2025-01-01,1,2025-02,16490.78,-2756.31,,"{'score': 80, 'url': 'https://www.metacritic.com/game/pc/black-desert-online-land-of-the-morning-light-edition?ftag=MCD-06-10aaa1f'}",,,1
582660,Black Desert,2025-01-01,2,2025-03,16347.06,-143.72,,"{'score': 80, 'url': 'https://www.metacritic.com/game/pc/black-desert-online-land-of-the-morning-light-edition?ftag=MCD-06-10aaa1f'}",,,1
582660,Black Desert,2025-01-01,3,2025-04,15033.34,-1313.72,,"{'score': 80, 'url': 'https://www.metacritic.com/game/pc/black-desert-online-land-of-the-morning-light-edition?ftag=MCD-06-10aaa1f'}",,,1
582660,Black Desert,2025-01-01,4,2025-05,15079.0,45.66,,"{'score': 80, 'url': 'https://www.metacritic.com/game/pc/black-desert-online-land-of-the-morning-light-edition?ftag=MCD-06-10aaa1f'}",,,1
3949040,RV There Yet?,2025-10-01,-4,2025-06,,,,,,,1
3949040,RV There Yet?,2025-10-01,-3,2025-07,,,,,,,1
3949040,RV There Yet?,2025-10-01,-2,2025-08,,,,,,,1
3949040,RV There Yet?,2025-10-01,-1,2025-09,,,,,,,1
3949040,RV There Yet?,2025-10-01,0,2025-10,,,,,,,1
3949040,RV There Yet?,2025-10-01,1,2025-11,,,,,,,1
3949040,RV There Yet?,2025-10-01,2,2025-12,8476.52,-6636.79,,,,,1
3949040,RV There Yet?,2025-10-01,3,2026-01,,,,,,,1
3949040,RV There Yet?,2025-10-01,4,2026-02,,,,,,,1
570,Dota 2,2025-02-01,-4,2024-10,410681.51,-16130.16,,"{'score': 90, 'url': 'https://www.metacritic.com/game/pc/dota-2?ftag=MCD-06-10aaa1f'}",,,1
570,Dota 2,2025-02-01,-3,2024-11,454956.21,44274.7,,"{'score': 90, 'url': 'https://www.metacritic.com/game/pc/dota-2?ftag=MCD-06-10aaa1f'}",,,1
570,Dota 2,2025-02-01,-2,2024-12,437635.69,-17320.52,,"{'score': 90, 'url': 'https://www.metacritic.com/game/pc/dota-2?ftag=MCD-06-10aaa1f'}",,,1
570,Dota 2,2025-02-01,-1,2025-01,446491.16,8855.46,,"{'score': 90, 'url': 'https://www.metacritic.com/game/pc/dota-2?ftag=MCD-06-10aaa1f'}",,,1
570,Dota 2,2025-02-01,0,2025-02,431748.69,-14742.46,,"{'score': 90, 'url': 'https://www.metacritic.com/game/pc/dota-2?ftag=MCD-06-10aaa1f'}",,,1
570,Dota 2,2025-02-01,1,2025-03,402851.23,-28897.46,,"{'score': 90, 'url': 'https://www.metacritic.com/game/pc/dota-2?ftag=MCD-06-10aaa1f'}",,,1
570,Dota 2,2025-02-01,2,2025-04,393173.22,-9678.01,,"{'score': 90, 'url': 'https://www.metacritic.com/game/pc/dota-2?ftag=MCD-06-10aaa1f'}",,,1
570,Dota 2,2025-02-01,3,2025-05,408987.68,15814.46,,"{'score': 90, 'url': 'https://www.metacritic.com/game/pc/dota-2?ftag=MCD-06-10aaa1f'}",,,1
570,Dota 2,2025-02-01,4,2025-06,411123.31,2135.63,,"{'score': 90, 'url': 'https://www.metacritic.com/game/pc/dota-2?ftag=MCD-06-10aaa1f'}",,,1
1361210,"Warhammer 40,000: Darktide",2025-01-01,-4,2024-09,5000.51,1049.74,,,,,1
1361210,"Warhammer 40,000: Darktide",2025-01-01,-3,2024-10,8576.07,3575.56,,,,,1
1361210,"Warhammer 40,000: Darktide",2025-01-01,-2,2024-11,7448.28,-1127.79,,,,,1
1361210,"Warhammer 40,000: Darktide",2025-01-01,-1,2024-12,9938.88,2490.6,,,,,1
1361210,"Warhammer 40,000: Darktide",2025-01-01,0,2025-01,6746.65,-3192.23,,,,,1
1361210,"Warhammer 40,000: Darktide",2025-01-01,1,2025-02,5258.28,-1488.37,,,,,1
1361210,"Warhammer 40,000: Darktide",2025-01-01,2,2025-03,4952.11,-306.17,,,,,1
1361210,"Warhammer 40,000: Darktide",2025-01-01,3,2025-04,5589.31,637.2,,,,,1
1361210,"Warhammer 40,000: Darktide",2025-01-01,4,2025-05,5728.1,138.79,,,,,1
553850,HELLDIVERS™ 2,2025-05-01,-4,2025-01,46838.92,-9895.62,,,,,1
553850,HELLDIVERS™ 2,2025-05-01,-3,2025-02,53276.32,6437.4,,,,,1
553850,HELLDIVERS™ 2,2025-05-01,-2,2025-03,38521.25,-14755.08,,,,,1
553850,HELLDIVERS™ 2,2025-05-01,-1,2025-04,27965.66,-10555.59,,,,,1
553850,HELLDIVERS™ 2,2025-05-01,0,2025-05,60291.32,32325.67,,,,,1
553850,HELLDIVERS™ 2,2025-05-01,1,2025-06,53136.43,-7154.89,,,,,1
553850,HELLDIVERS™ 2,2025-05-01,2,2025-07,37951.75,-15184.68,,,,,1
553850,HELLDIVERS™ 2,2025-05-01,3,2025-08,40433.48,2481.73,,,,,1
553850,HELLDIVERS™ 2,2025-05-01,4,2025-09,68412.3,27978.82,,,,,1
2344520,Diablo® IV,2025-01-01,-4,2024-09,10928.72,-5357.96,,,,,1
2344520,Diablo® IV,2025-01-01,-3,2024-10,21041.6,10112.88,,,,,1
2344520,Diablo® IV,2025-01-01,-2,2024-11,10120.76,-10920.85,,,,,1
2344520,Diablo® IV,2025-01-01,-1,2024-12,7865.62,-2255.13,,,,,1
2344520,Diablo® IV,2025-01-01,0,2025-01,10185.56,2319.94,,,,,1
2344520,Diablo® IV,2025-01-01,1,2025-02,11996.7,1811.14,,,,,1
2344520,Diablo® IV,2025-01-01,2,2025-03,6844.32,-5152.37,,,,,1
2344520,Diablo® IV,2025-01-01,3,2025-04,5920.04,-924.28,,,,,1
2344520,Diablo® IV,2025-01-01,4,2025-05,15384.41,9464.37,,,,,1
346110,ARK: Survival Evolved,2025-03-01,-4,2024-11,22908.73,817.38,,"{'score': 70, 'url': 'https://www.metacritic.com/game/pc/ark-survival-evolved?ftag=MCD-06-10aaa1f'}",,,1
346110,ARK: Survival Evolved,2025-03-01,-3,2024-12,24609.4,1700.67,,"{'score': 70, 'url': 'https://www.metacritic.com/game/pc/ark-survival-evolved?ftag=MCD-06-10aaa1f'}",,,1
346110,ARK: Survival Evolved,2025-03-01,-2,2025-01,26843.72,2234.31,,"{'score': 70, 'url': 'https://www.metacritic.com/game/pc/ark-survival-evolved?ftag=MCD-06-10aaa1f'}",,,1
346110,ARK: Survival Evolved,2025-03-01,-1,2025-02,25759.44,-1084.28,,"{'score': 70, 'url': 'https://www.metacritic.com/game/pc/ark-survival-evolved?ftag=MCD-06-10aaa1f'}",,,1
346110,ARK: Survival Evolved,2025-03-01,0,2025-03,24287.83,-1471.61,,"{'score': 70, 'url': 'https://www.metacritic.com/game/pc/ark-survival-evolved?ftag=MCD-06-10aaa1f'}",,,1
346110,ARK: Survival Evolved,2025-03-01,1,2025-04,22275.51,-2012.32,,"{'score': 70, 'url': 'https://www.metacritic.com/game/pc/ark-survival-evolved?ftag=MCD-06-10aaa1f'}",,,1
346110,ARK: Survival Evolved,2025-03-01,2,2025-05,23453.42,1177.91,,"{'score': 70, 'url': 'https://www.metacritic.com/game/pc/ark-survival-evolved?ftag=MCD-06-10aaa1f'}",,,1
346110,ARK: Survival Evolved,2025-03-01,3,2025-06,32486.34,9032.92,,"{'score': 70, 'url': 'https://www.metacritic.com/game/pc/ark-survival-evolved?ftag=MCD-06-10aaa1f'}",,,1
346110,ARK: Survival Evolved,2025-03-01,4,2025-07,24574.66,-7911.68,,"{'score': 70, 'url': 'https://www.metacritic.com/game/pc/ark-survival-evolved?ftag=MCD-06-10aaa1f'}",,,1
2133760,Tiny Bookshop,2025-04-01,-4,2024-12,,,,,,,1
2133760,Tiny Bookshop,2025-04-01,-3,2025-01,,,,,,,1
2133760,Tiny Bookshop,2025-04-01,-2,2025-02,,,,,,,1
2133760,Tiny Bookshop,2025-04-01,-1,2025-03,,,,,,,1
2133760,Tiny Bookshop,2025-04-01,0,2025-04,,,,,,,1
2133760,Tiny Bookshop,2025-04-01,1,2025-05,,,,,,,1
2133760,Tiny Bookshop,2025-04-01,2,2025-06,,,,,,,1
2133760,Tiny Bookshop,2025-04-01,3,2025-07,,,,,,,1
2133760,Tiny Bookshop,2025-04-01,4,2025-08,,,,,,,1
1151340,Fallout 76,2025-02-01,-4,2024-10,7740.13,-1259.41,,,,,1
1151340,Fallout 76,2025-02-01,-3,2024-11,7254.18,-485.95,,,,,1
1151340,Fallout 76,2025-02-01,-2,2024-12,9717.28,2463.1,,,,,1
1151340,Fallout 76,2025-02-01,-1,2025-01,7890.91,-1826.37,,,,,1
1151340,Fallout 76,2025-02-01,0,2025-02,7701.51,-189.4,,,,,1
1151340,Fallout 76,2025-02-01,1,2025-03,8053.92,352.41,,,,,1
1151340,Fallout 76,2025-02-01,2,2025-04,8026.09,-27.83,,,,,1
1151340,Fallout 76,2025-02-01,3,2025-05,6279.71,-1746.38,,,,,1
1151340,Fallout 76,2025-02-01,4,2025-06,7466.73,1187.02,,,,,1
2881150,ARK: Bob's Tall Tales,,-4,,,,,,,,0
2881150,ARK: Bob's Tall Tales,,-3,,,,,,,,0
2881150,ARK: Bob's Tall Tales,,-2,,,,,,,,0
2881150,ARK: Bob's Tall Tales,,-1,,,,,,,,0
2881150,ARK: Bob's Tall Tales,,0,,,,,,,,0
2881150,ARK: Bob's Tall Tales,,1,,,,,,,,0
2881150,ARK: Bob's Tall Tales,,2,,,,,,,,0
2881150,ARK: Bob's Tall Tales,,3,,,,,,,,0
2881150,ARK: Bob's Tall Tales,,4,,,,,,,,0
1934680,Age of Mythology: Retold,2025-01-01,-4,2024-09,,,,"{'score': 83, 'url': 'https://www.metacritic.com/game/pc/age-of-mythology-retold?ftag=MCD-06-10aaa1f'}",,,1
1934680,Age of Mythology: Retold,2025-01-01,-3,2024-10,4810.25,-5414.85,,"{'score': 83, 'url': 'https://www.metacritic.com/game/pc/age-of-mythology-retold?ftag=MCD-06-10aaa1f'}",,,1
1934680,Age of Mythology: Retold,2025-01-01,-2,2024-11,3840.67,-969.58,,"{'score': 83, 'url': 'https://www.metacritic.com/game/pc/age-of-mythology-retold?ftag=MCD-06-10aaa1f'}",,,1
1934680,Age of Mythology: Retold,2025-01-01,-1,2024-12,3091.29,-749.37,,"{'score': 83, 'url': 'https://www.metacritic.com/game/pc/age-of-mythology-retold?ftag=MCD-06-10aaa1f'}",,,1
1934680,Age of Mythology: Retold,2025-01-01,0,2025-01,2779.81,-311.49,,"{'score': 83, 'url': 'https://www.metacritic.com/game/pc/age-of-mythology-retold?ftag=MCD-06-10aaa1f'}",,,1
1934680,Age of Mythology: Retold,2025-01-01,1,2025-02,2364.41,-415.4,,"{'score': 83, 'url': 'https://www.metacritic.com/game/pc/age-of-mythology-retold?ftag=MCD-06-10aaa1f'}",,,1
1934680,Age of Mythology: Retold,2025-01-01,2,2025-03,3320.41,956.01,,"{'score': 83, 'url': 'https://www.metacritic.com/game/pc/age-of-mythology-retold?ftag=MCD-06-10aaa1f'}",,,1
1934680,Age of Mythology: Retold,2025-01-01,3,2025-04,2154.72,-1165.69,,"{'score': 83, 'url': 'https://www.metacritic.com/game/pc/age-of-mythology-retold?ftag=MCD-06-10aaa1f'}",,,1
1934680,Age of Mythology: Retold,2025-01-01,4,2025-05,1933.82,-220.9,,"{'score': 83, 'url': 'https://www.metacritic.com/game/pc/age-of-mythology-retold?ftag=MCD-06-10aaa1f'}",,,1
306130,The Elder Scrolls® Online,2025-03-01,-4,2024-11,9960.24,-448.78,,"{'score': 80, 'url': 'https://www.metacritic.com/game/pc/the-elder-scrolls-online-tamriel-unlimited?ftag=MCD-06-10aaa1f'}",,,1
306130,The Elder Scrolls® Online,2025-03-01,-3,2024-12,10301.38,341.14,,"{'score': 80, 'url': 'https://www.metacritic.com/game/pc/the-elder-scrolls-online-tamriel-unlimited?ftag=MCD-06-10aaa1f'}",,,1
306130,The Elder Scrolls® Online,2025-03-01,-2,2025-01,11098.14,796.76,,"{'score': 80, 'url': 'https://www.metacritic.com/game/pc/the-elder-scrolls-online-tamriel-unlimited?ftag=MCD-06-10aaa1f'}",,,1
306130,The Elder Scrolls® Online,2025-03-01,-1,2025-02,11236.47,138.33,,"{'score': 80, 'url': 'https://www.metacritic.com/game/pc/the-elder-scrolls-online-tamriel-unlimited?ftag=MCD-06-10aaa1f'}",,,1
306130,The Elder Scrolls® Online,2025-03-01,0,2025-03,10922.9,-313.57,,"{'score': 80, 'url': 'https://www.metacritic.com/game/pc/the-elder-scrolls-online-tamriel-unlimited?ftag=MCD-06-10aaa1f'}",,,1
306130,The Elder Scrolls® Online,2025-03-01,1,2025-04,12463.12,1540.22,,"{'score': 80, 'url': 'https://www.metacritic.com/game/pc/the-elder-scrolls-online-tamriel-unlimited?ftag=MCD-06-10aaa1f'}",,,1
306130,The Elder Scrolls® Online,2025-03-01,2,2025-05,13203.16,740.04,,"{'score': 80, 'url': 'https://www.metacritic.com/game/pc/the-elder-scrolls-online-tamriel-unlimited?ftag=MCD-06-10aaa1f'}",,,1
306130,The Elder Scrolls® Online,2025-03-01,3,2025-06,13157.71,-45.45,,"{'score': 80, 'url': 'https://www.metacritic.com/game/pc/the-elder-scrolls-online-tamriel-unlimited?ftag=MCD-06-10aaa1f'}",,,1
306130,The Elder Scrolls® Online,2025-03-01,4,2025-07,10236.91,-2920.8,,"{'score': 80, 'url': 'https://www.metacritic.com/game/pc/the-elder-scrolls-online-tamriel-unlimited?ftag=MCD-06-10aaa1f'}",,,1
1203620,Enshrouded,2025-01-01,-4,2024-09,3913.81,-1774.91,,,,,1
1203620,Enshrouded,2025-01-01,-3,2024-10,3325.99,-587.82,,,,,1
1203620,Enshrouded,2025-01-01,-2,2024-11,17551.9,14225.91,,,,,1
1203620,Enshrouded,2025-01-01,-1,2024-12,12359.78,-5192.12,,,,,1
1203620,Enshrouded,2025-01-01,0,2025-01,11521.37,-838.41,,,,,1
1203620,Enshrouded,2025-01-01,1,2025-02,16917.37,5396.0,,,,,1
1203620,Enshrouded,2025-01-01,2,2025-03,9981.59,-6935.78,,,,,1
1203620,Enshrouded,2025-01-01,3,2025-04,8520.48,-1461.11,,,,,1
1203620,Enshrouded,2025-01-01,4,2025-05,13217.74,4697.26,,,,,1
2537590,Microsoft Flight Simulator 2024,2025-01-01,-4,2024-09,,,,,,,1
2537590,Microsoft Flight Simulator 2024,2025-01-01,-3,2024-10,,,,,,,1
2537590,Microsoft Flight Simulator 2024,2025-01-01,-2,2024-11,,,,,,,1
2537590,Microsoft Flight Simulator 2024,2025-01-01,-1,2024-12,3879.4,-2186.13,,,,,1
2537590,Microsoft Flight Simulator 2024,2025-01-01,0,2025-01,3022.73,-856.67,,,,,1
2537590,Microsoft Flight Simulator 2024,2025-01-01,1,2025-02,2389.68,-633.06,,,,,1
2537590,Microsoft Flight Simulator 2024,2025-01-01,2,2025-03,2359.77,-29.91,,,,,1
2537590,Microsoft Flight Simulator 2024,2025-01-01,3,2025-04,1977.33,-382.44,,,,,1
2537590,Microsoft Flight Simulator 2024,2025-01-01,4,2025-05,2163.47,186.15,,,,,1
1407200,World of Tanks,2025-02-01,-4,2024-10,3536.29,103.56,,"{'score': 80, 'url': 'https://www.metacritic.com/game/pc/world-of-tanks?ftag=MCD-06-10aaa1f'}",,,1
1407200,World of Tanks,2025-02-01,-3,2024-11,3272.16,-264.13,,"{'score': 80, 'url': 'https://www.metacritic.com/game/pc/world-of-tanks?ftag=MCD-06-10aaa1f'}",,,1
1407200,World of Tanks,2025-02-01,-2,2024-12,4619.34,1347.18,,"{'score': 80, 'url': 'https://www.metacritic.com/game/pc/world-of-tanks?ftag=MCD-06-10aaa1f'}",,,1
1407200,World of Tanks,2025-02-01,-1,2025-01,4657.19,37.85,,"{'score': 80, 'url': 'https://www.metacritic.com/game/pc/world-of-tanks?ftag=MCD-06-10aaa1f'}",,,1
1407200,World of Tanks,2025-02-01,0,2025-02,4245.1,-412.08,,"{'score': 80, 'url': 'https://www.metacritic.com/game/pc/world-of-tanks?ftag=MCD-06-10aaa1f'}",,,1
1407200,World of Tanks,2025-02-01,1,2025-03,4592.17,347.07,,"{'score': 80, 'url': 'https://www.metacritic.com/game/pc/world-of-tanks?ftag=MCD-06-10aaa1f'}",,,1
1407200,World of Tanks,2025-02-01,2,2025-04,4695.79,103.61,,"{'score': 80, 'url': 'https://www.metacritic.com/game/pc/world-of-tanks?ftag=MCD-06-10aaa1f'}",,,1
1407200,World of Tanks,2025-02-01,3,2025-05,4884.33,188.55,,"{'score': 80, 'url': 'https://www.metacritic.com/game/pc/world-of-tanks?ftag=MCD-06-10aaa1f'}",,,1
1407200,World of Tanks,2025-02-01,4,2025-06,4247.51,-636.83,,"{'score': 80, 'url': 'https://www.metacritic.com/game/pc/world-of-tanks?ftag=MCD-06-10aaa1f'}",,,1
377160,Fallout 4,2025-01-01,-4,2024-09,14072.16,-5869.6,,"{'score': 84, 'url': 'https://www.metacritic.com/game/pc/fallout-4?ftag=MCD-06-10aaa1f'}",,,1
377160,Fallout 4,2025-01-01,-3,2024-10,13089.15,-983.0,,"{'score': 84, 'url': 'https://www.metacritic.com/game/pc/fallout-4?ftag=MCD-06-10aaa1f'}",,,1
377160,Fallout 4,2025-01-01,-2,2024-11,13939.0,849.85,,"{'score': 84, 'url': 'https://www.metacritic.com/game/pc/fallout-4?ftag=MCD-06-10aaa1f'}",,,1
377160,Fallout 4,2025-01-01,-1,2024-12,13235.68,-703.32,,"{'score': 84, 'url': 'https://www.metacritic.com/game/pc/fallout-4?ftag=MCD-06-10aaa1f'}",,,1
377160,Fallout 4,2025-01-01,0,2025-01,13919.43,683.74,,"{'score': 84, 'url': 'https://www.metacritic.com/game/pc/fallout-4?ftag=MCD-06-10aaa1f'}",,,1
377160,Fallout 4,2025-01-01,1,2025-02,13117.63,-801.79,,"{'score': 84, 'url': 'https://www.metacritic.com/game/pc/fallout-4?ftag=MCD-06-10aaa1f'}",,,1
377160,Fallout 4,2025-01-01,2,2025-03,13207.09,89.46,,"{'score': 84, 'url': 'https://www.metacritic.com/game/pc/fallout-4?ftag=MCD-06-10aaa1f'}",,,1
377160,Fallout 4,2025-01-01,3,2025-04,13041.35,-165.75,,"{'score': 84, 'url': 'https://www.metacritic.com/game/pc/fallout-4?ftag=MCD-06-10aaa1f'}",,,1
377160,Fallout 4,2025-01-01,4,2025-05,11980.49,-1060.86,,"{'score': 84, 'url': 'https://www.metacritic.com/game/pc/fallout-4?ftag=MCD-06-10aaa1f'}",,,1
2362060,CODE VEIN II,2025-09-01,-4,2025-05,,,,,,,1
2362060,CODE VEIN II,2025-09-01,-3,2025-06,,,,,,,1
2362060,CODE VEIN II,2025-09-01,-2,2025-07,,,,,,,1
2362060,CODE VEIN II,2025-09-01,-1,2025-08,,,,,,,1
2362060,CODE VEIN II,2025-09-01,0,2025-09,,,,,,,1
2362060,CODE VEIN II,2025-09-01,1,2025-10,,,,,,,1
2362060,CODE VEIN II,2025-09-01,2,2025-11,,,,,,,1
2362060,CODE VEIN II,2025-09-01,3,2025-12,,,,,,,1
2362060,CODE VEIN II,2025-09-01,4,2026-01,,,,,,,1
3164500,Schedule I,2025-02-01,-4,2024-10,,,,,,,1
3164500,Schedule I,2025-02-01,-3,2024-11,,,,,,,1
3164500,Schedule I,2025-02-01,-2,2024-12,,,,,,,1
3164500,Schedule I,2025-02-01,-1,2025-01,,,,,,,1
3164500,Schedule I,2025-02-01,0,2025-02,,,,,,,1
3164500,Schedule I,2025-02-01,1,2025-03,,,,,,,1
3164500,Schedule I,2025-02-01,2,2025-04,178926.55,2499.68,,,,,1
3164500,Schedule I,2025-02-01,3,2025-05,45810.6,-133115.96,,,,,1
3164500,Schedule I,2025-02-01,4,2025-06,17994.0,-27816.6,,,,,1
2780810,Euro Truck Simulator 2 - Nordic Horizons,,-4,,,,,,,,0
2780810,Euro Truck Simulator 2 - Nordic Horizons,,-3,,,,,,,,0
2780810,Euro Truck Simulator 2 - Nordic Horizons,,-2,,,,,,,,0
2780810,Euro Truck Simulator 2 - Nordic Horizons,,-1,,,,,,,,0
2780810,Euro Truck Simulator 2 - Nordic Horizons,,0,,,,,,,,0
2780810,Euro Truck Simulator 2 - Nordic Horizons,,1,,,,,,,,0
2780810,Euro Truck Simulator 2 - Nordic Horizons,,2,,,,,,,,0
2780810,Euro Truck Simulator 2 - Nordic Horizons,,3,,,,,,,,0
2780810,Euro Truck Simulator 2 - Nordic Horizons,,4,,,,,,,,0
2592160,Dispatch,2025-06-01,-4,2025-02,,,,"{'score': 87, 'url': 'https://www.metacritic.com/game/pc/dispatch?ftag=MCD-06-10aaa1f'}",,,1
2592160,Dispatch,2025-06-01,-3,2025-03,,,,"{'score': 87, 'url': 'https://www.metacritic.com/game/pc/dispatch?ftag=MCD-06-10aaa1f'}",,,1
2592160,Dispatch,2025-06-01,-2,2025-04,,,,"{'score': 87, 'url': 'https://www.metacritic.com/game/pc/dispatch?ftag=MCD-06-10aaa1f'}",,,1
2592160,Dispatch,2025-06-01,-1,2025-05,,,,"{'score': 87, 'url': 'https://www.metacritic.com/game/pc/dispatch?ftag=MCD-06-10aaa1f'}",,,1
2592160,Dispatch,2025-06-01,0,2025-06,,,,"{'score': 87, 'url': 'https://www.metacritic.com/game/pc/dispatch?ftag=MCD-06-10aaa1f'}",,,1
2592160,Dispatch,2025-06-01,1,2025-07,,,,"{'score': 87, 'url': 'https://www.metacritic.com/game/pc/dispatch?ftag=MCD-06-10aaa1f'}",,,1
2592160,Dispatch,2025-06-01,2,2025-08,,,,"{'score': 87, 'url': 'https://www.metacritic.com/game/pc/dispatch?ftag=MCD-06-10aaa1f'}",,,1
2592160,Dispatch,2025-06-01,3,2025-09,,,,"{'score': 87, 'url': 'https://www.metacritic.com/game/pc/dispatch?ftag=MCD-06-10aaa1f'}",,,1
2592160,Dispatch,2025-06-01,4,2025-10,,,,"{'score': 87, 'url': 'https://www.metacritic.com/game/pc/dispatch?ftag=MCD-06-10aaa1f'}",,,1
2139460,Once Human,2025-08-01,-4,2025-04,23824.04,3330.1,,,,,1
2139460,Once Human,2025-08-01,-3,2025-05,33834.18,10010.14,,,,,1
2139460,Once Human,2025-08-01,-2,2025-06,26132.63,-7701.55,,,,,1
2139460,Once Human,2025-08-01,-1,2025-07,26591.04,458.41,,,,,1
2139460,Once Human,2025-08-01,0,2025-08,22449.69,-4141.34,,,,,1
2139460,Once Human,2025-08-01,1,2025-09,19269.79,-3179.9,,,,,1
2139460,Once Human,2025-08-01,2,2025-10,19575.06,305.27,,,,,1
2139460,Once Human,2025-08-01,3,2025-11,17652.38,-1922.68,,,,,1
2139460,Once Human,2025-08-01,4,2025-12,12239.69,-5412.69,,,,,1
1363080,Manor Lords,2025-01-01,-4,2024-09,3790.7,238.42,,,,,1
1363080,Manor Lords,2025-01-01,-3,2024-10,4023.18,232.48,,,,,1
1363080,Manor Lords,2025-01-01,-2,2024-11,2923.19,-1099.99,,,,,1
1363080,Manor Lords,2025-01-01,-1,2024-12,4871.53,1948.34,,,,,1
1363080,Manor Lords,2025-01-01,0,2025-01,7074.11,2202.58,,,,,1
1363080,Manor Lords,2025-01-01,1,2025-02,4620.4,-2453.72,,,,,1
1363080,Manor Lords,2025-01-01,2,2025-03,3371.15,-1249.25,,,,,1
1363080,Manor Lords,2025-01-01,3,2025-04,2782.33,-588.81,,,,,1
1363080,Manor Lords,2025-01-01,4,2025-05,2751.33,-31.0,,,,,1
270880,American Truck Simulator,2025-05-01,-4,2025-01,7556.17,99.39,,"{'score': 76, 'url': 'https://www.metacritic.com/game/pc/american-truck-simulator?ftag=MCD-06-10aaa1f'}",,,1
270880,American Truck Simulator,2025-05-01,-3,2025-02,6918.68,-637.5,,"{'score': 76, 'url': 'https://www.metacritic.com/game/pc/american-truck-simulator?ftag=MCD-06-10aaa1f'}",,,1
270880,American Truck Simulator,2025-05-01,-2,2025-03,7123.85,205.18,,"{'score': 76, 'url': 'https://www.metacritic.com/game/pc/american-truck-simulator?ftag=MCD-06-10aaa1f'}",,,1
270880,American Truck Simulator,2025-05-01,-1,2025-04,7637.73,513.88,,"{'score': 76, 'url': 'https://www.metacritic.com/game/pc/american-truck-simulator?ftag=MCD-06-10aaa1f'}",,,1
270880,American Truck Simulator,2025-05-01,0,2025-05,6263.47,-1374.26,,"{'score': 76, 'url': 'https://www.metacritic.com/game/pc/american-truck-simulator?ftag=MCD-06-10aaa1f'}",,,1
270880,American Truck Simulator,2025-05-01,1,2025-06,6005.69,-257.78,,"{'score': 76, 'url': 'https://www.metacritic.com/game/pc/american-truck-simulator?ftag=MCD-06-10aaa1f'}",,,1
270880,American Truck Simulator,2025-05-01,2,2025-07,7756.28,1750.59,,"{'score': 76, 'url': 'https://www.metacritic.com/game/pc/american-truck-simulator?ftag=MCD-06-10aaa1f'}",,,1
270880,American Truck Simulator,2025-05-01,3,2025-08,6542.19,-1214.09,,"{'score': 76, 'url': 'https://www.metacritic.com/game/pc/american-truck-simulator?ftag=MCD-06-10aaa1f'}",,,1
270880,American Truck Simulator,2025-05-01,4,2025-09,6182.99,-359.2,,"{'score': 76, 'url': 'https://www.metacritic.com/game/pc/american-truck-simulator?ftag=MCD-06-10aaa1f'}",,,1
1245620,ELDEN RING,2025-04-01,-4,2024-12,36631.95,9087.22,,"{'score': 94, 'url': 'https://www.metacritic.com/game/pc/elden-ring?ftag=MCD-06-10aaa1f'}",,,1
1245620,ELDEN RING,2025-04-01,-3,2025-01,49013.49,12381.54,,"{'score': 94, 'url': 'https://www.metacritic.com/game/pc/elden-ring?ftag=MCD-06-10aaa1f'}",,,1
1245620,ELDEN RING,2025-04-01,-2,2025-02,42583.1,-6430.39,,"{'score': 94, 'url': 'https://www.metacritic.com/game/pc/elden-ring?ftag=MCD-06-10aaa1f'}",,,1
1245620,ELDEN RING,2025-04-01,-1,2025-03,40065.85,-2517.24,,"{'score': 94, 'url': 'https://www.metacritic.com/game/pc/elden-ring?ftag=MCD-06-10aaa1f'}",,,1
1245620,ELDEN RING,2025-04-01,0,2025-04,35063.01,-5002.85,,"{'score': 94, 'url': 'https://www.metacritic.com/game/pc/elden-ring?ftag=MCD-06-10aaa1f'}",,,1
1245620,ELDEN RING,2025-04-01,1,2025-05,33344.75,-1718.26,,"{'score': 94, 'url': 'https://www.metacritic.com/game/pc/elden-ring?ftag=MCD-06-10aaa1f'}",,,1
1245620,ELDEN RING,2025-04-01,2,2025-06,35448.0,2103.26,,"{'score': 94, 'url': 'https://www.metacritic.com/game/pc/elden-ring?ftag=MCD-06-10aaa1f'}",,,1
1245620,ELDEN RING,2025-04-01,3,2025-07,37735.8,2287.79,,"{'score': 94, 'url': 'https://www.metacritic.com/game/pc/elden-ring?ftag=MCD-06-10aaa1f'}",,,1
1245620,ELDEN RING,2025-04-01,4,2025-08,30037.68,-7698.11,,"{'score': 94, 'url': 'https://www.metacritic.com/game/pc/elden-ring?ftag=MCD-06-10aaa1f'}",,,1
1284190,The Planet Crafter,2025-02-01,-4,2024-10,6531.94,3311.07,,,,,1
1284190,The Planet Crafter,2025-02-01,-3,2024-11,3596.63,-2935.31,,,,,1
1284190,The Planet Crafter,2025-02-01,-2,2024-12,3362.33,-234.3,,,,,1
1284190,The Planet Crafter,2025-02-01,-1,2025-01,3172.2,-190.12,,,,,1
1284190,The Planet Crafter,2025-02-01,0,2025-02,2486.33,-685.87,,,,,1
1284190,The Planet Crafter,2025-02-01,1,2025-03,2913.81,427.48,,,,,1
1284190,The Planet Crafter,2025-02-01,2,2025-04,2307.68,-606.13,,,,,1
1284190,The Planet Crafter,2025-02-01,3,2025-05,5875.04,3567.36,,,,,1
1284190,The Planet Crafter,2025-02-01,4,2025-06,6361.77,486.74,,,,,1
3241660,R.E.P.O.,2025-02-01,-4,2024-10,,,,,,,1
3241660,R.E.P.O.,2025-02-01,-3,2024-11,,,,,,,1
3241660,R.E.P.O.,2025-02-01,-2,2024-12,,,,,,,1
3241660,R.E.P.O.,2025-02-01,-1,2025-01,,,,,,,1
3241660,R.E.P.O.,2025-02-01,0,2025-02,,,,,,,1
3241660,R.E.P.O.,2025-02-01,1,2025-03,,,,,,,1
3241660,R.E.P.O.,2025-02-01,2,2025-04,103812.57,-1571.64,,,,,1
3241660,R.E.P.O.,2025-02-01,3,2025-05,60364.7,-43447.87,,,,,1
3241660,R.E.P.O.,2025-02-01,4,2025-06,38247.79,-22116.91,,,,,1
3669570,Alchemy Factory,2025-07-01,-4,2025-03,,,,,,,1
3669570,Alchemy Factory,2025-07-01,-3,2025-04,,,,,,,1
3669570,Alchemy Factory,2025-07-01,-2,2025-05,,,,,,,1
3669570,Alchemy Factory,2025-07-01,-1,2025-06,,,,,,,1
3669570,Alchemy Factory,2025-07-01,0,2025-07,,,,,,,1
3669570,Alchemy Factory,2025-07-01,1,2025-08,,,,,,,1
3669570,Alchemy Factory,2025-07-01,2,2025-09,,,,,,,1
3669570,Alchemy Factory,2025-07-01,3,2025-10,,,,,,,1
3669570,Alchemy Factory,2025-07-01,4,2025-11,,,,,,,1
1284210,Guild Wars 2,2025-01-01,-4,2024-09,3572.03,-56.18,,"{'score': 90, 'url': 'https://www.metacritic.com/game/pc/guild-wars-2?ftag=MCD-06-10aaa1f'}",,,1
1284210,Guild Wars 2,2025-01-01,-3,2024-10,2963.76,-608.27,,"{'score': 90, 'url': 'https://www.metacritic.com/game/pc/guild-wars-2?ftag=MCD-06-10aaa1f'}",,,1
1284210,Guild Wars 2,2025-01-01,-2,2024-11,2885.08,-78.69,,"{'score': 90, 'url': 'https://www.metacritic.com/game/pc/guild-wars-2?ftag=MCD-06-10aaa1f'}",,,1
1284210,Guild Wars 2,2025-01-01,-1,2024-12,2919.24,34.16,,"{'score': 90, 'url': 'https://www.metacritic.com/game/pc/guild-wars-2?ftag=MCD-06-10aaa1f'}",,,1
1284210,Guild Wars 2,2025-01-01,0,2025-01,3167.5,248.26,,"{'score': 90, 'url': 'https://www.metacritic.com/game/pc/guild-wars-2?ftag=MCD-06-10aaa1f'}",,,1
1284210,Guild Wars 2,2025-01-01,1,2025-02,3154.98,-12.52,,"{'score': 90, 'url': 'https://www.metacritic.com/game/pc/guild-wars-2?ftag=MCD-06-10aaa1f'}",,,1
1284210,Guild Wars 2,2025-01-01,2,2025-03,3402.35,247.37,,"{'score': 90, 'url': 'https://www.metacritic.com/game/pc/guild-wars-2?ftag=MCD-06-10aaa1f'}",,,1
1284210,Guild Wars 2,2025-01-01,3,2025-04,3267.35,-135.0,,"{'score': 90, 'url': 'https://www.metacritic.com/game/pc/guild-wars-2?ftag=MCD-06-10aaa1f'}",,,1
1284210,Guild Wars 2,2025-01-01,4,2025-05,3038.55,-228.8,,"{'score': 90, 'url': 'https://www.metacritic.com/game/pc/guild-wars-2?ftag=MCD-06-10aaa1f'}",,,1
39210,FINAL FANTASY XIV Online,2025-01-01,-4,2024-09,20334.99,-8361.6,,"{'score': 83, 'url': 'https://www.metacritic.com/game/pc/final-fantasy-xiv-online-a-realm-reborn?ftag=MCD-06-10aaa1f'}",,,1
39210,FINAL FANTASY XIV Online,2025-01-01,-3,2024-10,17479.52,-2855.48,,"{'score': 83, 'url': 'https://www.metacritic.com/game/pc/final-fantasy-xiv-online-a-realm-reborn?ftag=MCD-06-10aaa1f'}",,,1
39210,FINAL FANTASY XIV Online,2025-01-01,-2,2024-11,19734.22,2254.7,,"{'score': 83, 'url': 'https://www.metacritic.com/game/pc/final-fantasy-xiv-online-a-realm-reborn?ftag=MCD-06-10aaa1f'}",,,1
39210,FINAL FANTASY XIV Online,2025-01-01,-1,2024-12,17566.3,-2167.93,,"{'score': 83, 'url': 'https://www.metacritic.com/game/pc/final-fantasy-xiv-online-a-realm-reborn?ftag=MCD-06-10aaa1f'}",,,1
39210,FINAL FANTASY XIV Online,2025-01-01,0,2025-01,17099.19,-467.1,,"{'score': 83, 'url': 'https://www.metacritic.com/game/pc/final-fantasy-xiv-online-a-realm-reborn?ftag=MCD-06-10aaa1f'}",,,1
39210,FINAL FANTASY XIV Online,2025-01-01,1,2025-02,16385.4,-713.8,,"{'score': 83, 'url': 'https://www.metacritic.com/game/pc/final-fantasy-xiv-online-a-realm-reborn?ftag=MCD-06-10aaa1f'}",,,1
39210,FINAL FANTASY XIV Online,2025-01-01,2,2025-03,16653.1,267.7,,"{'score': 83, 'url': 'https://www.metacritic.com/game/pc/final-fantasy-xiv-online-a-realm-reborn?ftag=MCD-06-10aaa1f'}",,,1
39210,FINAL FANTASY XIV Online,2025-01-01,3,2025-04,20324.91,3671.81,,"{'score': 83, 'url': 'https://www.metacritic.com/game/pc/final-fantasy-xiv-online-a-realm-reborn?ftag=MCD-06-10aaa1f'}",,,1
39210,FINAL FANTASY XIV Online,2025-01-01,4,2025-05,17602.92,-2721.99,,"{'score': 83, 'url': 'https://www.metacritic.com/game/pc/final-fantasy-xiv-online-a-realm-reborn?ftag=MCD-06-10aaa1f'}",,,1
606880,GreedFall,,-4,2025-08,79.52,-16.96,,"{'score': 72, 'url': 'https://www.metacritic.com/game/pc/greedfall?ftag=MCD-06-10aaa1f'}",,,0
606880,GreedFall,,-3,2025-09,101.81,22.28,,"{'score': 72, 'url': 'https://www.metacritic.com/game/pc/greedfall?ftag=MCD-06-10aaa1f'}",,,0
606880,GreedFall,,-2,2025-10,418.33,316.53,,"{'score': 72, 'url': 'https://www.metacritic.com/game/pc/greedfall?ftag=MCD-06-10aaa1f'}",,,0
606880,GreedFall,,-1,2025-11,181.24,-237.1,,"{'score': 72, 'url': 'https://www.metacritic.com/game/pc/greedfall?ftag=MCD-06-10aaa1f'}",,,0
606880,GreedFall,,0,2025-12,180.58,-0.66,,"{'score': 72, 'url': 'https://www.metacritic.com/game/pc/greedfall?ftag=MCD-06-10aaa1f'}",,,0
606880,GreedFall,,1,2026-01,,,,"{'score': 72, 'url': 'https://www.metacritic.com/game/pc/greedfall?ftag=MCD-06-10aaa1f'}",,,0
606880,GreedFall,,2,2026-02,,,,"{'score': 72, 'url': 'https://www.metacritic.com/game/pc/greedfall?ftag=MCD-06-10aaa1f'}",,,0
606880,GreedFall,,3,2026-03,,,,"{'score': 72, 'url': 'https://www.metacritic.com/game/pc/greedfall?ftag=MCD-06-10aaa1f'}",,,0
606880,GreedFall,,4,2026-04,,,,"{'score': 72, 'url': 'https://www.metacritic.com/game/pc/greedfall?ftag=MCD-06-10aaa1f'}",,,0
394360,Hearts of Iron IV,2025-01-01,-4,2024-09,33708.22,-2569.89,,"{'score': 83, 'url': 'https://www.metacritic.com/game/pc/hearts-of-iron-iv?ftag=MCD-06-10aaa1f'}",,,1
394360,Hearts of Iron IV,2025-01-01,-3,2024-10,35953.56,2245.35,,"{'score': 83, 'url': 'https://www.metacritic.com/game/pc/hearts-of-iron-iv?ftag=MCD-06-10aaa1f'}",,,1
394360,Hearts of Iron IV,2025-01-01,-2,2024-11,41614.67,5661.1,,"{'score': 83, 'url': 'https://www.metacritic.com/game/pc/hearts-of-iron-iv?ftag=MCD-06-10aaa1f'}",,,1
394360,Hearts of Iron IV,2025-01-01,-1,2024-12,39547.17,-2067.49,,"{'score': 83, 'url': 'https://www.metacritic.com/game/pc/hearts-of-iron-iv?ftag=MCD-06-10aaa1f'}",,,1
394360,Hearts of Iron IV,2025-01-01,0,2025-01,39856.99,309.82,,"{'score': 83, 'url': 'https://www.metacritic.com/game/pc/hearts-of-iron-iv?ftag=MCD-06-10aaa1f'}",,,1
394360,Hearts of Iron IV,2025-01-01,1,2025-02,37157.74,-2699.25,,"{'score': 83, 'url': 'https://www.metacritic.com/game/pc/hearts-of-iron-iv?ftag=MCD-06-10aaa1f'}",,,1
394360,Hearts of Iron IV,2025-01-01,2,2025-03,38764.75,1607.01,,"{'score': 83, 'url': 'https://www.metacritic.com/game/pc/hearts-of-iron-iv?ftag=MCD-06-10aaa1f'}",,,1
394360,Hearts of Iron IV,2025-01-01,3,2025-04,34676.35,-4088.4,,"{'score': 83, 'url': 'https://www.metacritic.com/game/pc/hearts-of-iron-iv?ftag=MCD-06-10aaa1f'}",,,1
394360,Hearts of Iron IV,2025-01-01,4,2025-05,36794.92,2118.57,,"{'score': 83, 'url': 'https://www.metacritic.com/game/pc/hearts-of-iron-iv?ftag=MCD-06-10aaa1f'}",,,1
518790,theHunter: Call of the Wild™,2025-05-01,-4,2025-01,5734.08,-4396.94,,,,,1
518790,theHunter: Call of the Wild™,2025-05-01,-3,2025-02,4276.82,-1457.26,,,,,1
518790,theHunter: Call of the Wild™,2025-05-01,-2,2025-03,3656.46,-620.36,,,,,1
518790,theHunter: Call of the Wild™,2025-05-01,-1,2025-04,3131.15,-525.31,,,,,1
518790,theHunter: Call of the Wild™,2025-05-01,0,2025-05,2706.85,-424.3,,,,,1
518790,theHunter: Call of the Wild™,2025-05-01,1,2025-06,4773.22,2066.37,,,,,1
518790,theHunter: Call of the Wild™,2025-05-01,2,2025-07,4305.44,-467.79,,,,,1
518790,theHunter: Call of the Wild™,2025-05-01,3,2025-08,3091.26,-1214.18,,,,,1
518790,theHunter: Call of the Wild™,2025-05-01,4,2025-09,3580.62,489.37,,,,,1
1149460,ICARUS,2025-01-01,-4,2024-09,1757.79,-570.69,,,,,1
1149460,ICARUS,2025-01-01,-3,2024-10,1755.78,-2.01,,,,,1
1149460,ICARUS,2025-01-01,-2,2024-11,4765.97,3010.19,,,,,1
1149460,ICARUS,2025-01-01,-1,2024-12,3097.24,-1668.73,,,,,1
1149460,ICARUS,2025-01-01,0,2025-01,5702.85,2605.61,,,,,1
1149460,ICARUS,2025-01-01,1,2025-02,4616.49,-1086.36,,,,,1
1149460,ICARUS,2025-01-01,2,2025-03,2947.5,-1668.99,,,,,1
1149460,ICARUS,2025-01-01,3,2025-04,2230.07,-717.43,,,,,1
1149460,ICARUS,2025-01-01,4,2025-05,1942.26,-287.81,,,,,1
3527290,PEAK,2025-06-01,-4,2025-02,,,,,,,1
3527290,PEAK,2025-06-01,-3,2025-03,,,,,,,1
3527290,PEAK,2025-06-01,-2,2025-04,,,,,,,1
3527290,PEAK,2025-06-01,-1,2025-05,,,,,,,1
3527290,PEAK,2025-06-01,0,2025-06,,,,,,,1
3527290,PEAK,2025-06-01,1,2025-07,52400.99,-9644.27,,,,,1
3527290,PEAK,2025-06-01,2,2025-08,64798.07,12397.08,,,,,1
3527290,PEAK,2025-06-01,3,2025-09,28271.29,-36526.78,,,,,1
3527290,PEAK,2025-06-01,4,2025-10,17332.23,-10939.06,,,,,1
1449850,Yu-Gi-Oh! Master Duel,2025-02-01,-4,2024-10,18356.37,-1092.56,,,,,1
1449850,Yu-Gi-Oh! Master Duel,2025-02-01,-3,2024-11,18538.91,182.55,,,,,1
1449850,Yu-Gi-Oh! Master Duel,2025-02-01,-2,2024-12,17112.7,-1426.22,,,,,1
1449850,Yu-Gi-Oh! Master Duel,2025-02-01,-1,2025-01,16043.59,-1069.11,,,,,1
1449850,Yu-Gi-Oh! Master Duel,2025-02-01,0,2025-02,24730.44,8686.85,,,,,1
1449850,Yu-Gi-Oh! Master Duel,2025-02-01,1,2025-03,19069.69,-5660.75,,,,,1
1449850,Yu-Gi-Oh! Master Duel,2025-02-01,2,2025-04,18122.09,-947.6,,,,,1
1449850,Yu-Gi-Oh! Master Duel,2025-02-01,3,2025-05,17271.66,-850.43,,,,,1
1449850,Yu-Gi-Oh! Master Duel,2025-02-01,4,2025-06,16319.66,-952.0,,,,,1
1286830,STAR WARS™: The Old Republic™,2025-01-01,-4,2024-09,3446.5,-365.6,,"{'score': 85, 'url': 'https://www.metacritic.com/game/pc/star-wars-the-old-republic?ftag=MCD-06-10aaa1f'}",,,1
1286830,STAR WARS™: The Old Republic™,2025-01-01,-3,2024-10,3076.08,-370.43,,"{'score': 85, 'url': 'https://www.metacritic.com/game/pc/star-wars-the-old-republic?ftag=MCD-06-10aaa1f'}",,,1
1286830,STAR WARS™: The Old Republic™,2025-01-01,-2,2024-11,3292.48,216.41,,"{'score': 85, 'url': 'https://www.metacritic.com/game/pc/star-wars-the-old-republic?ftag=MCD-06-10aaa1f'}",,,1
1286830,STAR WARS™: The Old Republic™,2025-01-01,-1,2024-12,3905.37,612.89,,"{'score': 85, 'url': 'https://www.metacritic.com/game/pc/star-wars-the-old-republic?ftag=MCD-06-10aaa1f'}",,,1
1286830,STAR WARS™: The Old Republic™,2025-01-01,0,2025-01,4308.56,403.19,,"{'score': 85, 'url': 'https://www.metacritic.com/game/pc/star-wars-the-old-republic?ftag=MCD-06-10aaa1f'}",,,1
1286830,STAR WARS™: The Old Republic™,2025-01-01,1,2025-02,3983.3,-325.27,,"{'score': 85, 'url': 'https://www.metacritic.com/game/pc/star-wars-the-old-republic?ftag=MCD-06-10aaa1f'}",,,1
1286830,STAR WARS™: The Old Republic™,2025-01-01,2,2025-03,3702.0,-281.3,,"{'score': 85, 'url': 'https://www.metacritic.com/game/pc/star-wars-the-old-republic?ftag=MCD-06-10aaa1f'}",,,1
1286830,STAR WARS™: The Old Republic™,2025-01-01,3,2025-04,3624.72,-77.28,,"{'score': 85, 'url': 'https://www.metacritic.com/game/pc/star-wars-the-old-republic?ftag=MCD-06-10aaa1f'}",,,1
1286830,STAR WARS™: The Old Republic™,2025-01-01,4,2025-05,4853.57,1228.84,,"{'score': 85, 'url': 'https://www.metacritic.com/game/pc/star-wars-the-old-republic?ftag=MCD-06-10aaa1f'}",,,1
703080,Planet Zoo,2025-04-01,-4,2024-12,3451.37,294.35,,"{'score': 81, 'url': 'https://www.metacritic.com/game/pc/planet-zoo?ftag=MCD-06-10aaa1f'}",,,1
703080,Planet Zoo,2025-04-01,-3,2025-01,3668.71,217.34,,"{'score': 81, 'url': 'https://www.metacritic.com/game/pc/planet-zoo?ftag=MCD-06-10aaa1f'}",,,1
703080,Planet Zoo,2025-04-01,-2,2025-02,2974.81,-693.9,,"{'score': 81, 'url': 'https://www.metacritic.com/game/pc/planet-zoo?ftag=MCD-06-10aaa1f'}",,,1
703080,Planet Zoo,2025-04-01,-1,2025-03,2904.81,-70.0,,"{'score': 81, 'url': 'https://www.metacritic.com/game/pc/planet-zoo?ftag=MCD-06-10aaa1f'}",,,1
703080,Planet Zoo,2025-04-01,0,2025-04,3449.07,544.26,,"{'score': 81, 'url': 'https://www.metacritic.com/game/pc/planet-zoo?ftag=MCD-06-10aaa1f'}",,,1
703080,Planet Zoo,2025-04-01,1,2025-05,2926.32,-522.75,,"{'score': 81, 'url': 'https://www.metacritic.com/game/pc/planet-zoo?ftag=MCD-06-10aaa1f'}",,,1
703080,Planet Zoo,2025-04-01,2,2025-06,3033.07,106.76,,"{'score': 81, 'url': 'https://www.metacritic.com/game/pc/planet-zoo?ftag=MCD-06-10aaa1f'}",,,1
703080,Planet Zoo,2025-04-01,3,2025-07,3351.07,318.0,,"{'score': 81, 'url': 'https://www.metacritic.com/game/pc/planet-zoo?ftag=MCD-06-10aaa1f'}",,,1
703080,Planet Zoo,2025-04-01,4,2025-08,2934.86,-416.21,,"{'score': 81, 'url': 'https://www.metacritic.com/game/pc/planet-zoo?ftag=MCD-06-10aaa1f'}",,,1
3472040,NBA 2K26,2025-07-01,-4,2025-03,,,,,,,1
3472040,NBA 2K26,2025-07-01,-3,2025-04,,,,,,,1
3472040,NBA 2K26,2025-07-01,-2,2025-05,,,,,,,1
3472040,NBA 2K26,2025-07-01,-1,2025-06,,,,,,,1
3472040,NBA 2K26,2025-07-01,0,2025-07,,,,,,,1
3472040,NBA 2K26,2025-07-01,1,2025-08,,,,,,,1
3472040,NBA 2K26,2025-07-01,2,2025-09,,,,,,,1
3472040,NBA 2K26,2025-07-01,3,2025-10,11736.88,-4180.54,,,,,1
3472040,NBA 2K26,2025-07-01,4,2025-11,14335.63,2598.75,,,,,1
2221490,Tom Clancy’s The Division® 2,2025-02-01,-4,2024-10,1307.59,-289.04,,"{'score': 84, 'url': 'https://www.metacritic.com/game/pc/tom-clancys-the-division-2?ftag=MCD-06-10aaa1f'}",,,1
2221490,Tom Clancy’s The Division® 2,2025-02-01,-3,2024-11,2192.57,884.98,,"{'score': 84, 'url': 'https://www.metacritic.com/game/pc/tom-clancys-the-division-2?ftag=MCD-06-10aaa1f'}",,,1
2221490,Tom Clancy’s The Division® 2,2025-02-01,-2,2024-12,2254.17,61.6,,"{'score': 84, 'url': 'https://www.metacritic.com/game/pc/tom-clancys-the-division-2?ftag=MCD-06-10aaa1f'}",,,1
2221490,Tom Clancy’s The Division® 2,2025-02-01,-1,2025-01,2339.67,85.5,,"{'score': 84, 'url': 'https://www.metacritic.com/game/pc/tom-clancys-the-division-2?ftag=MCD-06-10aaa1f'}",,,1
2221490,Tom Clancy’s The Division® 2,2025-02-01,0,2025-02,2115.7,-223.97,,"{'score': 84, 'url': 'https://www.metacritic.com/game/pc/tom-clancys-the-division-2?ftag=MCD-06-10aaa1f'}",,,1
2221490,Tom Clancy’s The Division® 2,2025-02-01,1,2025-03,4054.35,1938.65,,"{'score': 84, 'url': 'https://www.metacritic.com/game/pc/tom-clancys-the-division-2?ftag=MCD-06-10aaa1f'}",,,1
2221490,Tom Clancy’s The Division® 2,2025-02-01,2,2025-04,2781.59,-1272.76,,"{'score': 84, 'url': 'https://www.metacritic.com/game/pc/tom-clancys-the-division-2?ftag=MCD-06-10aaa1f'}",,,1
2221490,Tom Clancy’s The Division® 2,2025-02-01,3,2025-05,3655.64,874.04,,"{'score': 84, 'url': 'https://www.metacritic.com/game/pc/tom-clancys-the-division-2?ftag=MCD-06-10aaa1f'}",,,1
2221490,Tom Clancy’s The Division® 2,2025-02-01,4,2025-06,6659.15,3003.52,,"{'score': 84, 'url': 'https://www.metacritic.com/game/pc/tom-clancys-the-division-2?ftag=MCD-06-10aaa1f'}",,,1
359550,Tom Clancy's Rainbow Six® Siege X,2025-02-01,-4,2024-10,44414.65,-7032.22,,,,,1
359550,Tom Clancy's Rainbow Six® Siege X,2025-02-01,-3,2024-11,35763.66,-8650.99,,,,,1
359550,Tom Clancy's Rainbow Six® Siege X,2025-02-01,-2,2024-12,47517.59,11753.93,,,,,1
359550,Tom Clancy's Rainbow Six® Siege X,2025-02-01,-1,2025-01,56015.67,8498.08,,,,,1
359550,Tom Clancy's Rainbow Six® Siege X,2025-02-01,0,2025-02,60258.5,4242.83,,,,,1
359550,Tom Clancy's Rainbow Six® Siege X,2025-02-01,1,2025-03,80494.73,20236.23,,,,,1
359550,Tom Clancy's Rainbow Six® Siege X,2025-02-01,2,2025-04,62010.19,-18484.53,,,,,1
359550,Tom Clancy's Rainbow Six® Siege X,2025-02-01,3,2025-05,51085.1,-10925.1,,,,,1
359550,Tom Clancy's Rainbow Six® Siege X,2025-02-01,4,2025-06,80447.23,29362.13,,,,,1
1091500,Cyberpunk 2077,2025-01-01,-4,2024-09,25832.76,1353.07,,"{'score': 86, 'url': 'https://www.metacritic.com/game/pc/cyberpunk-2077?ftag=MCD-06-10aaa1f'}",,,1
1091500,Cyberpunk 2077,2025-01-01,-3,2024-10,26655.95,823.19,,"{'score': 86, 'url': 'https://www.metacritic.com/game/pc/cyberpunk-2077?ftag=MCD-06-10aaa1f'}",,,1
1091500,Cyberpunk 2077,2025-01-01,-2,2024-11,28574.69,1918.74,,"{'score': 86, 'url': 'https://www.metacritic.com/game/pc/cyberpunk-2077?ftag=MCD-06-10aaa1f'}",,,1
1091500,Cyberpunk 2077,2025-01-01,-1,2024-12,42891.48,14316.78,,"{'score': 86, 'url': 'https://www.metacritic.com/game/pc/cyberpunk-2077?ftag=MCD-06-10aaa1f'}",,,1
1091500,Cyberpunk 2077,2025-01-01,0,2025-01,43016.58,125.1,,"{'score': 86, 'url': 'https://www.metacritic.com/game/pc/cyberpunk-2077?ftag=MCD-06-10aaa1f'}",,,1
1091500,Cyberpunk 2077,2025-01-01,1,2025-02,32860.34,-10156.23,,"{'score': 86, 'url': 'https://www.metacritic.com/game/pc/cyberpunk-2077?ftag=MCD-06-10aaa1f'}",,,1
1091500,Cyberpunk 2077,2025-01-01,2,2025-03,29383.03,-3477.32,,"{'score': 86, 'url': 'https://www.metacritic.com/game/pc/cyberpunk-2077?ftag=MCD-06-10aaa1f'}",,,1
1091500,Cyberpunk 2077,2025-01-01,3,2025-04,24943.4,-4439.62,,"{'score': 86, 'url': 'https://www.metacritic.com/game/pc/cyberpunk-2077?ftag=MCD-06-10aaa1f'}",,,1
1091500,Cyberpunk 2077,2025-01-01,4,2025-05,26858.16,1914.76,,"{'score': 86, 'url': 'https://www.metacritic.com/game/pc/cyberpunk-2077?ftag=MCD-06-10aaa1f'}",,,1
2141910,Magic: The Gathering Arena,2025-01-01,-4,2024-09,6252.34,-314.01,,,,,1
2141910,Magic: The Gathering Arena,2025-01-01,-3,2024-10,6115.85,-136.49,,,,,1
2141910,Magic: The Gathering Arena,2025-01-01,-2,2024-11,6499.89,384.04,,,,,1
2141910,Magic: The Gathering Arena,2025-01-01,-1,2024-12,5387.17,-1112.73,,,,,1
2141910,Magic: The Gathering Arena,2025-01-01,0,2025-01,5368.46,-18.7,,,,,1
2141910,Magic: The Gathering Arena,2025-01-01,1,2025-02,6148.79,780.33,,,,,1
2141910,Magic: The Gathering Arena,2025-01-01,2,2025-03,5850.85,-297.94,,,,,1
2141910,Magic: The Gathering Arena,2025-01-01,3,2025-04,6627.57,776.72,,,,,1
2141910,Magic: The Gathering Arena,2025-01-01,4,2025-05,6411.85,-215.72,,,,,1
427520,Factorio,2025-03-01,-4,2024-11,54228.89,23460.71,,"{'score': 90, 'url': 'https://www.metacritic.com/game/pc/factorio?ftag=MCD-06-10aaa1f'}",,,1
427520,Factorio,2025-03-01,-3,2024-12,30834.96,-23393.93,,"{'score': 90, 'url': 'https://www.metacritic.com/game/pc/factorio?ftag=MCD-06-10aaa1f'}",,,1
427520,Factorio,2025-03-01,-2,2025-01,23679.94,-7155.02,,"{'score': 90, 'url': 'https://www.metacritic.com/game/pc/factorio?ftag=MCD-06-10aaa1f'}",,,1
427520,Factorio,2025-03-01,-1,2025-02,18513.65,-5166.28,,"{'score': 90, 'url': 'https://www.metacritic.com/game/pc/factorio?ftag=MCD-06-10aaa1f'}",,,1
427520,Factorio,2025-03-01,0,2025-03,16946.86,-1566.8,,"{'score': 90, 'url': 'https://www.metacritic.com/game/pc/factorio?ftag=MCD-06-10aaa1f'}",,,1
427520,Factorio,2025-03-01,1,2025-04,16247.47,-699.39,,"{'score': 90, 'url': 'https://www.metacritic.com/game/pc/factorio?ftag=MCD-06-10aaa1f'}",,,1
427520,Factorio,2025-03-01,2,2025-05,16073.96,-173.51,,"{'score': 90, 'url': 'https://www.metacritic.com/game/pc/factorio?ftag=MCD-06-10aaa1f'}",,,1
427520,Factorio,2025-03-01,3,2025-06,17432.4,1358.44,,"{'score': 90, 'url': 'https://www.metacritic.com/game/pc/factorio?ftag=MCD-06-10aaa1f'}",,,1
427520,Factorio,2025-03-01,4,2025-07,15146.04,-2286.37,,"{'score': 90, 'url': 'https://www.metacritic.com/game/pc/factorio?ftag=MCD-06-10aaa1f'}",,,1
1659040,HITMAN World of Assassination,2025-07-01,-4,2025-03,3021.83,-107.27,,"{'score': 87, 'url': 'https://www.metacritic.com/game/pc/hitman-3?ftag=MCD-06-10aaa1f'}",,,1
1659040,HITMAN World of Assassination,2025-07-01,-3,2025-04,2648.22,-373.61,,"{'score': 87, 'url': 'https://www.metacritic.com/game/pc/hitman-3?ftag=MCD-06-10aaa1f'}",,,1
1659040,HITMAN World of Assassination,2025-07-01,-2,2025-05,2752.05,103.83,,"{'score': 87, 'url': 'https://www.metacritic.com/game/pc/hitman-3?ftag=MCD-06-10aaa1f'}",,,1
1659040,HITMAN World of Assassination,2025-07-01,-1,2025-06,3954.06,1202.01,,"{'score': 87, 'url': 'https://www.metacritic.com/game/pc/hitman-3?ftag=MCD-06-10aaa1f'}",,,1
1659040,HITMAN World of Assassination,2025-07-01,0,2025-07,3714.18,-239.88,,"{'score': 87, 'url': 'https://www.metacritic.com/game/pc/hitman-3?ftag=MCD-06-10aaa1f'}",,,1
1659040,HITMAN World of Assassination,2025-07-01,1,2025-08,3821.41,107.24,,"{'score': 87, 'url': 'https://www.metacritic.com/game/pc/hitman-3?ftag=MCD-06-10aaa1f'}",,,1
1659040,HITMAN World of Assassination,2025-07-01,2,2025-09,2896.19,-925.22,,"{'score': 87, 'url': 'https://www.metacritic.com/game/pc/hitman-3?ftag=MCD-06-10aaa1f'}",,,1
1659040,HITMAN World of Assassination,2025-07-01,3,2025-10,2919.19,23.0,,"{'score': 87, 'url': 'https://www.metacritic.com/game/pc/hitman-3?ftag=MCD-06-10aaa1f'}",,,1
1659040,HITMAN World of Assassination,2025-07-01,4,2025-11,2907.44,-11.75,,"{'score': 87, 'url': 'https://www.metacritic.com/game/pc/hitman-3?ftag=MCD-06-10aaa1f'}",,,1
4210150,ARC Raiders - The Bonecrown Set,,-4,,,,,,,,0
4210150,ARC Raiders - The Bonecrown Set,,-3,,,,,,,,0
4210150,ARC Raiders - The Bonecrown Set,,-2,,,,,,,,0
4210150,ARC Raiders - The Bonecrown Set,,-1,,,,,,,,0
4210150,ARC Raiders - The Bonecrown Set,,0,,,,,,,,0
4210150,ARC Raiders - The Bonecrown Set,,1,,,,,,,,0
4210150,ARC Raiders - The Bonecrown Set,,2,,,,,,,,0
4210150,ARC Raiders - The Bonecrown Set,,3,,,,,,,,0
4210150,ARC Raiders - The Bonecrown Set,,4,,,,,,,,0
2737070,Crime Simulator,2025-02-01,-4,2024-10,,,,,,,1
2737070,Crime Simulator,2025-02-01,-3,2024-11,,,,,,,1
2737070,Crime Simulator,2025-02-01,-2,2024-12,,,,,,,1
2737070,Crime Simulator,2025-02-01,-1,2025-01,,,,,,,1
2737070,Crime Simulator,2025-02-01,0,2025-02,,,,,,,1
2737070,Crime Simulator,2025-02-01,1,2025-03,,,,,,,1
2737070,Crime Simulator,2025-02-01,2,2025-04,,,,,,,1
2737070,Crime Simulator,2025-02-01,3,2025-05,,,,,,,1
2737070,Crime Simulator,2025-02-01,4,2025-06,,,,,,,1
3681010,Nioh 3,2025-09-01,-4,2025-05,,,,,,,1
3681010,Nioh 3,2025-09-01,-3,2025-06,,,,,,,1
3681010,Nioh 3,2025-09-01,-2,2025-07,,,,,,,1
3681010,Nioh 3,2025-09-01,-1,2025-08,,,,,,,1
3681010,Nioh 3,2025-09-01,0,2025-09,,,,,,,1
3681010,Nioh 3,2025-09-01,1,2025-10,,,,,,,1
3681010,Nioh 3,2025-09-01,2,2025-11,,,,,,,1
3681010,Nioh 3,2025-09-01,3,2025-12,,,,,,,1
3681010,Nioh 3,2025-09-01,4,2026-01,,,,,,,1
1903340,Clair Obscur: Expedition 33,2025-07-01,-4,2025-03,,,,"{'score': 91, 'url': 'https://www.metacritic.com/game/pc/clair-obscur-expedition-33?ftag=MCD-06-10aaa1f'}",,,1
1903340,Clair Obscur: Expedition 33,2025-07-01,-3,2025-04,,,,"{'score': 91, 'url': 'https://www.metacritic.com/game/pc/clair-obscur-expedition-33?ftag=MCD-06-10aaa1f'}",,,1
1903340,Clair Obscur: Expedition 33,2025-07-01,-2,2025-05,63898.09,-3100.14,,"{'score': 91, 'url': 'https://www.metacritic.com/game/pc/clair-obscur-expedition-33?ftag=MCD-06-10aaa1f'}",,,1
1903340,Clair Obscur: Expedition 33,2025-07-01,-1,2025-06,25621.08,-38277.01,,"{'score': 91, 'url': 'https://www.metacritic.com/game/pc/clair-obscur-expedition-33?ftag=MCD-06-10aaa1f'}",,,1
1903340,Clair Obscur: Expedition 33,2025-07-01,0,2025-07,16461.9,-9159.19,,"{'score': 91, 'url': 'https://www.metacritic.com/game/pc/clair-obscur-expedition-33?ftag=MCD-06-10aaa1f'}",,,1
1903340,Clair Obscur: Expedition 33,2025-07-01,1,2025-08,11739.74,-4722.16,,"{'score': 91, 'url': 'https://www.metacritic.com/game/pc/clair-obscur-expedition-33?ftag=MCD-06-10aaa1f'}",,,1
1903340,Clair Obscur: Expedition 33,2025-07-01,2,2025-09,8463.73,-3276.0,,"{'score': 91, 'url': 'https://www.metacritic.com/game/pc/clair-obscur-expedition-33?ftag=MCD-06-10aaa1f'}",,,1
1903340,Clair Obscur: Expedition 33,2025-07-01,3,2025-10,7595.82,-867.92,,"{'score': 91, 'url': 'https://www.metacritic.com/game/pc/clair-obscur-expedition-33?ftag=MCD-06-10aaa1f'}",,,1
1903340,Clair Obscur: Expedition 33,2025-07-01,4,2025-11,13169.29,5573.47,,"{'score': 91, 'url': 'https://www.metacritic.com/game/pc/clair-obscur-expedition-33?ftag=MCD-06-10aaa1f'}",,,1
1783560,The Last Caretaker,2025-11-01,-4,2025-07,,,,,,,1
1783560,The Last Caretaker,2025-11-01,-3,2025-08,,,,,,,1
1783560,The Last Caretaker,2025-11-01,-2,2025-09,,,,,,,1
1783560,The Last Caretaker,2025-11-01,-1,2025-10,,,,,,,1
1783560,The Last Caretaker,2025-11-01,0,2025-11,,,,,,,1
1783560,The Last Caretaker,2025-11-01,1,2025-12,3985.47,-701.38,,,,,1
1783560,The Last Caretaker,2025-11-01,2,2026-01,,,,,,,1
1783560,The Last Caretaker,2025-11-01,3,2026-02,,,,,,,1
1783560,The Last Caretaker,2025-11-01,4,2026-03,,,,,,,1
444200,World of Tanks Blitz,2025-03-01,-4,2024-11,6975.34,-129.07,,,,,1
444200,World of Tanks Blitz,2025-03-01,-3,2024-12,9073.24,2097.9,,,,,1
444200,World of Tanks Blitz,2025-03-01,-2,2025-01,8624.39,-448.85,,,,,1
444200,World of Tanks Blitz,2025-03-01,-1,2025-02,7023.18,-1601.21,,,,,1
444200,World of Tanks Blitz,2025-03-01,0,2025-03,6062.79,-960.39,,,,,1
444200,World of Tanks Blitz,2025-03-01,1,2025-04,5583.27,-479.52,,,,,1
444200,World of Tanks Blitz,2025-03-01,2,2025-05,5519.06,-64.21,,,,,1
444200,World of Tanks Blitz,2025-03-01,3,2025-06,5712.41,193.35,,,,,1
444200,World of Tanks Blitz,2025-03-01,4,2025-07,5549.65,-162.76,,,,,1
756800,Contraband Police,2025-01-01,-4,2024-09,613.14,39.03,,"{'score': 77, 'url': 'https://www.metacritic.com/game/pc/contraband-police?ftag=MCD-06-10aaa1f'}",,,1
756800,Contraband Police,2025-01-01,-3,2024-10,478.75,-134.39,,"{'score': 77, 'url': 'https://www.metacritic.com/game/pc/contraband-police?ftag=MCD-06-10aaa1f'}",,,1
756800,Contraband Police,2025-01-01,-2,2024-11,406.87,-71.88,,"{'score': 77, 'url': 'https://www.metacritic.com/game/pc/contraband-police?ftag=MCD-06-10aaa1f'}",,,1
756800,Contraband Police,2025-01-01,-1,2024-12,855.33,448.45,,"{'score': 77, 'url': 'https://www.metacritic.com/game/pc/contraband-police?ftag=MCD-06-10aaa1f'}",,,1
756800,Contraband Police,2025-01-01,0,2025-01,560.88,-294.45,,"{'score': 77, 'url': 'https://www.metacritic.com/game/pc/contraband-police?ftag=MCD-06-10aaa1f'}",,,1
756800,Contraband Police,2025-01-01,1,2025-02,805.56,244.68,,"{'score': 77, 'url': 'https://www.metacritic.com/game/pc/contraband-police?ftag=MCD-06-10aaa1f'}",,,1
756800,Contraband Police,2025-01-01,2,2025-03,537.79,-267.77,,"{'score': 77, 'url': 'https://www.metacritic.com/game/pc/contraband-police?ftag=MCD-06-10aaa1f'}",,,1
756800,Contraband Police,2025-01-01,3,2025-04,389.26,-148.53,,"{'score': 77, 'url': 'https://www.metacritic.com/game/pc/contraband-police?ftag=MCD-06-10aaa1f'}",,,1
756800,Contraband Police,2025-01-01,4,2025-05,764.51,375.25,,"{'score': 77, 'url': 'https://www.metacritic.com/game/pc/contraband-police?ftag=MCD-06-10aaa1f'}",,,1
1962663,Call of Duty®: Warzone™,2025-03-01,-4,2024-11,,,,,,,1
1962663,Call of Duty®: Warzone™,2025-03-01,-3,2024-12,,,,,,,1
1962663,Call of Duty®: Warzone™,2025-03-01,-2,2025-01,,,,,,,1
1962663,Call of Duty®: Warzone™,2025-03-01,-1,2025-02,,,,,,,1
1962663,Call of Duty®: Warzone™,2025-03-01,0,2025-03,,,,,,,1
1962663,Call of Duty®: Warzone™,2025-03-01,1,2025-04,,,,,,,1
1962663,Call of Duty®: Warzone™,2025-03-01,2,2025-05,,,,,,,1
1962663,Call of Duty®: Warzone™,2025-03-01,3,2025-06,,,,,,,1
1962663,Call of Duty®: Warzone™,2025-03-01,4,2025-07,,,,,,,1
3218630,Super Woden: Rally Edge,,-4,,,,,,,,0
3218630,Super Woden: Rally Edge,,-3,,,,,,,,0
3218630,Super Woden: Rally Edge,,-2,,,,,,,,0
3218630,Super Woden: Rally Edge,,-1,,,,,,,,0
3218630,Super Woden: Rally Edge,,0,,,,,,,,0
3218630,Super Woden: Rally Edge,,1,,,,,,,,0
3218630,Super Woden: Rally Edge,,2,,,,,,,,0
3218630,Super Woden: Rally Edge,,3,,,,,,,,0
3218630,Super Woden: Rally Edge,,4,,,,,,,,0
284160,BeamNG.drive,2025-03-01,-4,2024-11,14333.87,-254.52,,,,,1
284160,BeamNG.drive,2025-03-01,-3,2024-12,16424.59,2090.72,,,,,1
284160,BeamNG.drive,2025-03-01,-2,2025-01,16449.13,24.55,,,,,1
284160,BeamNG.drive,2025-03-01,-1,2025-02,16332.99,-116.14,,,,,1
284160,BeamNG.drive,2025-03-01,0,2025-03,15728.03,-604.96,,,,,1
284160,BeamNG.drive,2025-03-01,1,2025-04,16386.89,658.86,,,,,1
284160,BeamNG.drive,2025-03-01,2,2025-05,15834.87,-552.02,,,,,1
284160,BeamNG.drive,2025-03-01,3,2025-06,16978.09,1143.22,,,,,1
284160,BeamNG.drive,2025-03-01,4,2025-07,17024.13,46.04,,,,,1
2373990,Solo Leveling: ARISE OVERDRIVE,2025-06-01,-4,2025-02,,,,,,,1
2373990,Solo Leveling: ARISE OVERDRIVE,2025-06-01,-3,2025-03,,,,,,,1
2373990,Solo Leveling: ARISE OVERDRIVE,2025-06-01,-2,2025-04,,,,,,,1
2373990,Solo Leveling: ARISE OVERDRIVE,2025-06-01,-1,2025-05,,,,,,,1
2373990,Solo Leveling: ARISE OVERDRIVE,2025-06-01,0,2025-06,,,,,,,1
2373990,Solo Leveling: ARISE OVERDRIVE,2025-06-01,1,2025-07,,,,,,,1
2373990,Solo Leveling: ARISE OVERDRIVE,2025-06-01,2,2025-08,,,,,,,1
2373990,Solo Leveling: ARISE OVERDRIVE,2025-06-01,3,2025-09,,,,,,,1
2373990,Solo Leveling: ARISE OVERDRIVE,2025-06-01,4,2025-10,,,,,,,1
1142710,Total War: WARHAMMER III,2025-02-01,-4,2024-10,18673.84,-691.73,,"{'score': 86, 'url': 'https://www.metacritic.com/game/pc/total-war-warhammer-iii?ftag=MCD-06-10aaa1f'}",,,1
1142710,Total War: WARHAMMER III,2025-02-01,-3,2024-11,19932.38,1258.53,,"{'score': 86, 'url': 'https://www.metacritic.com/game/pc/total-war-warhammer-iii?ftag=MCD-06-10aaa1f'}",,,1
1142710,Total War: WARHAMMER III,2025-02-01,-2,2024-12,27189.75,7257.37,,"{'score': 86, 'url': 'https://www.metacritic.com/game/pc/total-war-warhammer-iii?ftag=MCD-06-10aaa1f'}",,,1
1142710,Total War: WARHAMMER III,2025-02-01,-1,2025-01,24552.48,-2637.28,,"{'score': 86, 'url': 'https://www.metacritic.com/game/pc/total-war-warhammer-iii?ftag=MCD-06-10aaa1f'}",,,1
1142710,Total War: WARHAMMER III,2025-02-01,0,2025-02,20542.3,-4010.18,,"{'score': 86, 'url': 'https://www.metacritic.com/game/pc/total-war-warhammer-iii?ftag=MCD-06-10aaa1f'}",,,1
1142710,Total War: WARHAMMER III,2025-02-01,1,2025-03,20783.64,241.34,,"{'score': 86, 'url': 'https://www.metacritic.com/game/pc/total-war-warhammer-iii?ftag=MCD-06-10aaa1f'}",,,1
1142710,Total War: WARHAMMER III,2025-02-01,2,2025-04,21410.09,626.45,,"{'score': 86, 'url': 'https://www.metacritic.com/game/pc/total-war-warhammer-iii?ftag=MCD-06-10aaa1f'}",,,1
1142710,Total War: WARHAMMER III,2025-02-01,3,2025-05,19026.78,-2383.31,,"{'score': 86, 'url': 'https://www.metacritic.com/game/pc/total-war-warhammer-iii?ftag=MCD-06-10aaa1f'}",,,1
1142710,Total War: WARHAMMER III,2025-02-01,4,2025-06,19960.18,933.4,,"{'score': 86, 'url': 'https://www.metacritic.com/game/pc/total-war-warhammer-iii?ftag=MCD-06-10aaa1f'}",,,1
2661300,Grounded 2,2025-06-01,-4,2025-02,,,,,,,1
2661300,Grounded 2,2025-06-01,-3,2025-03,,,,,,,1
2661300,Grounded 2,2025-06-01,-2,2025-04,,,,,,,1
2661300,Grounded 2,2025-06-01,-1,2025-05,,,,,,,1
2661300,Grounded 2,2025-06-01,0,2025-06,,,,,,,1
2661300,Grounded 2,2025-06-01,1,2025-07,,,,,,,1
2661300,Grounded 2,2025-06-01,2,2025-08,,,,,,,1
2661300,Grounded 2,2025-06-01,3,2025-09,2617.62,-11113.72,,,,,1
2661300,Grounded 2,2025-06-01,4,2025-10,2377.31,-240.3,,,,,1
2958130,Jurassic World Evolution 3,2025-06-01,-4,2025-02,,,,"{'score': 81, 'url': 'https://www.metacritic.com/game/pc/jurassic-world-evolution-3?ftag=MCD-06-10aaa1f'}",,,1
2958130,Jurassic World Evolution 3,2025-06-01,-3,2025-03,,,,"{'score': 81, 'url': 'https://www.metacritic.com/game/pc/jurassic-world-evolution-3?ftag=MCD-06-10aaa1f'}",,,1
2958130,Jurassic World Evolution 3,2025-06-01,-2,2025-04,,,,"{'score': 81, 'url': 'https://www.metacritic.com/game/pc/jurassic-world-evolution-3?ftag=MCD-06-10aaa1f'}",,,1
2958130,Jurassic World Evolution 3,2025-06-01,-1,2025-05,,,,"{'score': 81, 'url': 'https://www.metacritic.com/game/pc/jurassic-world-evolution-3?ftag=MCD-06-10aaa1f'}",,,1
2958130,Jurassic World Evolution 3,2025-06-01,0,2025-06,,,,"{'score': 81, 'url': 'https://www.metacritic.com/game/pc/jurassic-world-evolution-3?ftag=MCD-06-10aaa1f'}",,,1
2958130,Jurassic World Evolution 3,2025-06-01,1,2025-07,,,,"{'score': 81, 'url': 'https://www.metacritic.com/game/pc/jurassic-world-evolution-3?ftag=MCD-06-10aaa1f'}",,,1
2958130,Jurassic World Evolution 3,2025-06-01,2,2025-08,,,,"{'score': 81, 'url': 'https://www.metacritic.com/game/pc/jurassic-world-evolution-3?ftag=MCD-06-10aaa1f'}",,,1
2958130,Jurassic World Evolution 3,2025-06-01,3,2025-09,,,,"{'score': 81, 'url': 'https://www.metacritic.com/game/pc/jurassic-world-evolution-3?ftag=MCD-06-10aaa1f'}",,,1
2958130,Jurassic World Evolution 3,2025-06-01,4,2025-10,,,,"{'score': 81, 'url': 'https://www.metacritic.com/game/pc/jurassic-world-evolution-3?ftag=MCD-06-10aaa1f'}",,,1
1594320,Captain of Industry,2025-01-01,-4,2024-09,887.08,-182.97,,,,,1
1594320,Captain of Industry,2025-01-01,-3,2024-10,911.09,24.01,,,,,1
1594320,Captain of Industry,2025-01-01,-2,2024-11,838.02,-73.07,,,,,1
1594320,Captain of Industry,2025-01-01,-1,2024-12,800.46,-37.56,,,,,1
1594320,Captain of Industry,2025-01-01,0,2025-01,888.53,88.07,,,,,1
1594320,Captain of Industry,2025-01-01,1,2025-02,882.91,-5.62,,,,,1
1594320,Captain of Industry,2025-01-01,2,2025-03,1056.86,173.95,,,,,1
1594320,Captain of Industry,2025-01-01,3,2025-04,1174.54,117.67,,,,,1
1594320,Captain of Industry,2025-01-01,4,2025-05,3926.53,2752.0,,,,,1
813780,Age of Empires II: Definitive Edition,2025-03-01,-4,2024-11,17156.78,1812.64,,"{'score': 84, 'url': 'https://www.metacritic.com/game/pc/age-of-empires-ii-definitive-edition?ftag=MCD-06-10aaa1f'}",,,1
813780,Age of Empires II: Definitive Edition,2025-03-01,-3,2024-12,16924.32,-232.47,,"{'score': 84, 'url': 'https://www.metacritic.com/game/pc/age-of-empires-ii-definitive-edition?ftag=MCD-06-10aaa1f'}",,,1
813780,Age of Empires II: Definitive Edition,2025-03-01,-2,2025-01,17888.51,964.19,,"{'score': 84, 'url': 'https://www.metacritic.com/game/pc/age-of-empires-ii-definitive-edition?ftag=MCD-06-10aaa1f'}",,,1
813780,Age of Empires II: Definitive Edition,2025-03-01,-1,2025-02,17135.89,-752.62,,"{'score': 84, 'url': 'https://www.metacritic.com/game/pc/age-of-empires-ii-definitive-edition?ftag=MCD-06-10aaa1f'}",,,1
813780,Age of Empires II: Definitive Edition,2025-03-01,0,2025-03,17106.62,-29.27,,"{'score': 84, 'url': 'https://www.metacritic.com/game/pc/age-of-empires-ii-definitive-edition?ftag=MCD-06-10aaa1f'}",,,1
813780,Age of Empires II: Definitive Edition,2025-03-01,1,2025-04,17446.69,340.07,,"{'score': 84, 'url': 'https://www.metacritic.com/game/pc/age-of-empires-ii-definitive-edition?ftag=MCD-06-10aaa1f'}",,,1
813780,Age of Empires II: Definitive Edition,2025-03-01,2,2025-05,18537.99,1091.3,,"{'score': 84, 'url': 'https://www.metacritic.com/game/pc/age-of-empires-ii-definitive-edition?ftag=MCD-06-10aaa1f'}",,,1
813780,Age of Empires II: Definitive Edition,2025-03-01,3,2025-06,16251.57,-2286.43,,"{'score': 84, 'url': 'https://www.metacritic.com/game/pc/age-of-empires-ii-definitive-edition?ftag=MCD-06-10aaa1f'}",,,1
813780,Age of Empires II: Definitive Edition,2025-03-01,4,2025-07,15744.31,-507.25,,"{'score': 84, 'url': 'https://www.metacritic.com/game/pc/age-of-empires-ii-definitive-edition?ftag=MCD-06-10aaa1f'}",,,1
1401590,Disney Dreamlight Valley,2025-02-01,-4,2024-10,2410.08,-151.6,,,,,1
1401590,Disney Dreamlight Valley,2025-02-01,-3,2024-11,3514.06,1103.97,,,,,1
1401590,Disney Dreamlight Valley,2025-02-01,-2,2024-12,4244.63,730.57,,,,,1
1401590,Disney Dreamlight Valley,2025-02-01,-1,2025-01,3356.67,-887.96,,,,,1
1401590,Disney Dreamlight Valley,2025-02-01,0,2025-02,2599.82,-756.84,,,,,1
1401590,Disney Dreamlight Valley,2025-02-01,1,2025-03,3636.0,1036.18,,,,,1
1401590,Disney Dreamlight Valley,2025-02-01,2,2025-04,3398.08,-237.92,,,,,1
1401590,Disney Dreamlight Valley,2025-02-01,3,2025-05,3693.87,295.79,,,,,1
1401590,Disney Dreamlight Valley,2025-02-01,4,2025-06,3458.46,-235.41,,,,,1
