appid,name,week,post,treated,players,ln_players,genre_category,age_years,price_usd,is_free,review_score
730,Counter-Strike 2,1,0,1,940935.7219999998,13.75463117082291,Action,13.456536618754278,20.0,0,5.0
730,Counter-Strike 2,2,0,1,1051406.3404767031,13.865640148964479,Action,13.456536618754278,20.0,0,5.0
730,Counter-Strike 2,3,1,1,967836.1846605034,13.78281915444713,Action,13.456536618754278,20.0,0,5.0
730,Counter-Strike 2,4,1,1,1021616.685,13.836897894631289,Action,13.456536618754278,20.0,0,5.0
582660,Black Desert,1,0,1,18420.197,9.821257291411303,Action,8.700889801505818,9.99,0,5.0
582660,Black Desert,2,0,1,16197.564116216161,9.692677882490708,Action,8.700889801505818,9.99,0,5.0
582660,Black Desert,3,1,1,16426.891782176117,9.706735887653737,Action,8.700889801505818,9.99,0,5.0
582660,Black Desert,4,1,1,16418.92,9.706250510887363,Action,8.700889801505818,9.99,0,5.0
2399830,ARK: Survival Ascended,1,0,1,23169.165,10.05062073867858,Action,2.2806297056810405,44.99,0,5.0
2399830,ARK: Survival Ascended,2,0,1,21165.25921083483,9.960163646145572,Action,2.2806297056810405,44.99,0,5.0
2399830,ARK: Survival Ascended,3,1,1,21607.003256362004,9.980819046174124,Action,2.2806297056810405,44.99,0,5.0
2399830,ARK: Survival Ascended,4,1,1,20256.035,9.916257419610112,Action,2.2806297056810405,44.99,0,5.0
1222670,The Sims™ 4,1,0,1,32566.327999999998,10.391064856219014,Adventure,5.631759069130732,20.0,0,5.0
1222670,The Sims™ 4,2,0,1,35401.05754196225,10.474525220087111,Adventure,5.631759069130732,20.0,0,5.0
1222670,The Sims™ 4,3,1,1,36290.93025716239,10.499350688573863,Adventure,5.631759069130732,20.0,0,5.0
1222670,The Sims™ 4,4,1,1,34376.28999999999,10.445151450931798,Adventure,5.631759069130732,20.0,0,5.0
377160,Fallout 4,1,0,1,13678.89,9.52368215020854,RPG,10.239561943874058,4.99,0,5.0
377160,Fallout 4,2,0,1,13114.006801534058,9.481512410908088,RPG,10.239561943874058,4.99,0,5.0
377160,Fallout 4,3,1,1,13132.26994174325,9.482903979835449,RPG,10.239561943874058,4.99,0,5.0
377160,Fallout 4,4,1,1,13162.36,9.485192491439857,RPG,10.239561943874058,4.99,0,5.0
359550,Tom Clancy's Rainbow Six® Siege X,1,0,1,57288.519,10.955872971486771,Action,10.179329226557153,20.0,0,5.0
359550,Tom Clancy's Rainbow Six® Siege X,2,0,1,59772.86065819457,10.99832373163788,Action,10.179329226557153,20.0,0,5.0
359550,Tom Clancy's Rainbow Six® Siege X,3,1,1,59606.78908564883,10.995541533870854,Action,10.179329226557153,20.0,0,5.0
359550,Tom Clancy's Rainbow Six® Siege X,4,1,1,70376.61499999999,11.161630522833352,Action,10.179329226557153,20.0,0,5.0
2300320,Farming Simulator 25,1,0,1,22616.779000000002,10.02649155740467,Simulation,1.2292950034223136,208.0,0,5.0
2300320,Farming Simulator 25,2,0,1,19802.975389773375,9.89363797379085,Simulation,1.2292950034223136,208.0,0,5.0
2300320,Farming Simulator 25,3,1,1,20557.378766862574,9.93102386270816,Simulation,1.2292950034223136,208.0,0,5.0
2300320,Farming Simulator 25,4,1,1,18912.765,9.847645242839288,Simulation,1.2292950034223136,208.0,0,5.0
570,Dota 2,1,0,1,442068.419,12.99922220528883,Action,12.574948665297741,20.0,0,5.0
570,Dota 2,2,0,1,444916.3628302374,13.005643842398634,Action,12.574948665297741,20.0,0,5.0
570,Dota 2,3,1,1,430576.52017860615,12.97288265674054,Action,12.574948665297741,20.0,0,5.0
570,Dota 2,4,1,1,417299.95999999996,12.941562967080232,Action,12.574948665297741,20.0,0,5.0
2426960,Summoners War,1,0,1,9555.686,9.164996293227839,RPG,2.078028747433265,20.0,0,5.0
2426960,Summoners War,2,0,1,8295.911052885183,9.023638562212122,RPG,2.078028747433265,20.0,0,5.0
2426960,Summoners War,3,1,1,8529.697914108168,9.051426455908759,RPG,2.078028747433265,20.0,0,5.0
2426960,Summoners War,4,1,1,7889.74,8.973445199049047,RPG,2.078028747433265,20.0,0,5.0
1407200,World of Tanks,1,0,1,4533.562999999999,8.419483996274403,Action,4.772073921971253,20.0,0,5.0
1407200,World of Tanks,2,0,1,4155.649965125951,8.332464731984897,Action,4.772073921971253,20.0,0,5.0
1407200,World of Tanks,3,1,1,4077.5054025372992,8.313485877378056,Action,4.772073921971253,20.0,0,5.0
1407200,World of Tanks,4,1,1,4418.635,8.393812392476375,Action,4.772073921971253,20.0,0,5.0
1465360,SnowRunner,1,0,1,4696.4039999999995,8.454765294676452,Adventure,4.720054757015743,11.99,0,5.0
1465360,SnowRunner,2,0,1,4784.667014148733,8.473380691068497,Adventure,4.720054757015743,11.99,0,5.0
1465360,SnowRunner,3,1,1,4796.578099489295,8.47586650695504,Adventure,4.720054757015743,11.99,0,5.0
1465360,SnowRunner,4,1,1,4686.985000000001,8.452758131593027,Adventure,4.720054757015743,11.99,0,5.0
1158310,Crusader Kings III,1,0,1,17556.428999999996,9.773232444169096,RPG,5.426420260095825,49.99,0,5.0
1158310,Crusader Kings III,2,0,1,17413.484201914136,9.765057564326115,RPG,5.426420260095825,49.99,0,5.0
1158310,Crusader Kings III,3,1,1,17361.116084049452,9.762045875028322,RPG,5.426420260095825,49.99,0,5.0
1158310,Crusader Kings III,4,1,1,17508.06,9.770473740229516,RPG,5.426420260095825,49.99,0,5.0
1599340,Lost Ark,1,0,1,23942.300999999996,10.083443855989133,Action,3.980835044490075,20.0,0,5.0
1599340,Lost Ark,2,0,1,17844.36902473071,9.789499315157387,Action,3.980835044490075,20.0,0,5.0
1599340,Lost Ark,3,1,1,17697.685969920523,9.78124567681853,Action,3.980835044490075,20.0,0,5.0
1599340,Lost Ark,4,1,1,15176.235,9.627551886796157,Action,3.980835044490075,20.0,0,5.0
2186680,"Warhammer 40,000: Rogue Trader",1,0,1,5343.684,8.583857701037923,Action,2.16290212183436,49.99,0,5.0
2186680,"Warhammer 40,000: Rogue Trader",2,0,1,3531.0113125462085,8.169622764591374,Action,2.16290212183436,49.99,0,5.0
2186680,"Warhammer 40,000: Rogue Trader",3,1,1,3737.920059093518,8.226552094457972,Action,2.16290212183436,49.99,0,5.0
2186680,"Warhammer 40,000: Rogue Trader",4,1,1,3471.67,8.152679029513703,Action,2.16290212183436,49.99,0,5.0
548430,Deep Rock Galactic,1,0,1,9524.455999999998,9.161723072864726,Action,5.730321697467488,8.99,0,5.0
548430,Deep Rock Galactic,2,0,1,10307.141654355017,9.240689313854299,Action,5.730321697467488,8.99,0,5.0
548430,Deep Rock Galactic,3,1,1,10601.838079008594,9.268876987566015,Action,5.730321697467488,8.99,0,5.0
548430,Deep Rock Galactic,4,1,1,9891.425,9.199524591729702,Action,5.730321697467488,8.99,0,5.0
39210,FINAL FANTASY XIV Online,1,0,1,16885.053,9.734243293919297,RPG,11.961670088980151,9.99,0,5.0
39210,FINAL FANTASY XIV Online,2,0,1,15964.494712744894,9.678185092000128,RPG,11.961670088980151,9.99,0,5.0
39210,FINAL FANTASY XIV Online,3,1,1,15646.963593694201,9.658096065693044,RPG,11.961670088980151,9.99,0,5.0
39210,FINAL FANTASY XIV Online,4,1,1,16519.25,9.712342180132376,RPG,11.961670088980151,9.99,0,5.0
2344520,Diablo® IV,1,0,1,10728.901999999998,9.280789702311834,Action,2.302532511978097,49.99,0,5.0
2344520,Diablo® IV,2,0,1,11489.29648669623,9.349258174399898,Action,2.302532511978097,49.99,0,5.0
2344520,Diablo® IV,3,1,1,11460.300718666353,9.346731484584232,Action,2.302532511978097,49.99,0,5.0
2344520,Diablo® IV,4,1,1,9420.51,9.150750651964094,Action,2.302532511978097,49.99,0,5.0
1284210,Guild Wars 2®,1,0,1,3163.7439999999997,8.05982744663079,Adventure,3.4524298425735798,20.0,0,5.0
1284210,Guild Wars 2®,2,0,1,3091.8829101793835,8.036858915576447,Adventure,3.4524298425735798,20.0,0,5.0
1284210,Guild Wars 2®,3,1,1,3256.4436048583284,8.088697996449547,Adventure,3.4524298425735798,20.0,0,5.0
1284210,Guild Wars 2®,4,1,1,3278.665,8.095496562015802,Adventure,3.4524298425735798,20.0,0,5.0
739630,Phasmophobia,1,0,1,21475.124,9.97469708541292,Action,5.379876796714579,13.65,0,5.0
739630,Phasmophobia,2,0,1,19647.28253207767,9.885745210529846,Action,5.379876796714579,13.65,0,5.0
739630,Phasmophobia,3,1,1,20649.922516838047,9.935515271330216,Action,5.379876796714579,13.65,0,5.0
739630,Phasmophobia,4,1,1,18335.45,9.816646161098136,Action,5.379876796714579,13.65,0,5.0
2073850,THE FINALS,1,0,1,11915.576000000001,9.385685651033493,Action,2.16290212183436,20.0,0,5.0
2073850,THE FINALS,2,0,1,11603.74036612379,9.359168945870916,Action,2.16290212183436,20.0,0,5.0
2073850,THE FINALS,3,1,1,12155.81917288146,9.405645540124324,Action,2.16290212183436,20.0,0,5.0
2073850,THE FINALS,4,1,1,12181.244999999999,9.407734842834317,Action,2.16290212183436,20.0,0,5.0
1149460,ICARUS,1,0,1,5376.942,8.590061052092336,Action,4.172484599589322,33.99,0,5.0
1149460,ICARUS,2,0,1,4837.422097431746,8.484343933629585,Action,4.172484599589322,33.99,0,5.0
1149460,ICARUS,3,1,1,4628.231772488451,8.440146209444807,Action,4.172484599589322,33.99,0,5.0
1149460,ICARUS,4,1,1,3781.995,8.238271302929803,Action,4.172484599589322,33.99,0,5.0
394360,Hearts of Iron IV,1,0,1,39047.215,10.572552443595669,Strategy,9.664613278576317,49.99,0,5.0
394360,Hearts of Iron IV,2,0,1,35449.70178792389,10.47589832832071,Strategy,9.664613278576317,49.99,0,5.0
394360,Hearts of Iron IV,3,1,1,37705.87106379576,10.53759761316354,Strategy,9.664613278576317,49.99,0,5.0
394360,Hearts of Iron IV,4,1,1,37961.244999999995,10.544347392176357,Strategy,9.664613278576317,49.99,0,5.0
2183900,"Warhammer 40,000: Space Marine 2",1,0,1,8460.407,9.04327075082869,Action,1.404517453798768,59.99,0,5.0
2183900,"Warhammer 40,000: Space Marine 2",2,0,1,8226.063361797625,9.015184408828542,Action,1.404517453798768,59.99,0,5.0
2183900,"Warhammer 40,000: Space Marine 2",3,1,1,8745.794091762582,9.076442522701775,Action,1.404517453798768,59.99,0,5.0
2183900,"Warhammer 40,000: Space Marine 2",4,1,1,7553.8550000000005,8.929945681934969,Action,1.404517453798768,59.99,0,5.0
1401590,Disney Dreamlight Valley,1,0,1,3129.615,8.04898474985643,Action,2.1683778234086244,39.99,0,5.0
1401590,Disney Dreamlight Valley,2,0,1,2538.419062171956,7.83969061817283,Action,2.1683778234086244,39.99,0,5.0
1401590,Disney Dreamlight Valley,3,1,1,2622.771117486702,7.872367919691953,Action,2.1683778234086244,39.99,0,5.0
1401590,Disney Dreamlight Valley,4,1,1,3117.91,8.045238860789105,Action,2.1683778234086244,39.99,0,5.0
1286830,STAR WARS™: The Old Republic™,1,0,1,4210.982,8.34568859974046,RPG,5.541409993155373,20.0,0,5.0
1286830,STAR WARS™: The Old Republic™,2,0,1,3965.2841019647663,8.285584940897571,RPG,5.541409993155373,20.0,0,5.0
1286830,STAR WARS™: The Old Republic™,3,1,1,3866.4877676988576,8.26036041959771,RPG,5.541409993155373,20.0,0,5.0
1286830,STAR WARS™: The Old Republic™,4,1,1,3842.65,8.254177714956237,RPG,5.541409993155373,20.0,0,5.0
1142710,Total War: WARHAMMER III,1,0,1,23349.425999999996,10.058370507041971,Action,3.9671457905544147,59.99,0,5.0
1142710,Total War: WARHAMMER III,2,0,1,20138.624302914308,9.910444511824196,Action,3.9671457905544147,59.99,0,5.0
1142710,Total War: WARHAMMER III,3,1,1,19538.78501779034,9.880207923376082,Action,3.9671457905544147,59.99,0,5.0
1142710,Total War: WARHAMMER III,4,1,1,20662.97,9.93614688297439,Action,3.9671457905544147,59.99,0,5.0
1401590,Disney Dreamlight Valley,1,0,1,3129.615,8.04898474985643,Action,2.1683778234086244,39.99,0,5.0
1401590,Disney Dreamlight Valley,2,0,1,2545.8890146078666,7.842627899082207,Action,2.1683778234086244,39.99,0,5.0
1401590,Disney Dreamlight Valley,3,1,1,2699.7411440744518,7.901281512130144,Action,2.1683778234086244,39.99,0,5.0
1401590,Disney Dreamlight Valley,4,1,1,3117.91,8.045238860789105,Action,2.1683778234086244,39.99,0,5.0
266410,iRacing,1,0,1,252.101,5.53378861855078,Simulation,11.063655030800822,9.75,0,5.0
266410,iRacing,2,0,1,256.08594726964503,5.549410454161301,Simulation,11.063655030800822,9.75,0,5.0
266410,iRacing,3,1,1,264.40303147043693,5.5812495441027945,Simulation,11.063655030800822,9.75,0,5.0
266410,iRacing,4,1,1,262.925,5.575664971875758,Simulation,11.063655030800822,9.75,0,5.0
2205850,"Dwarves: Glory, Death and Loot",1,0,1,63.599,4.16819893079258,Adventure,0.03559206023271732,9.74,0,5.0
2205850,"Dwarves: Glory, Death and Loot",2,0,1,133.8258987795968,4.903984307469173,Adventure,0.03559206023271732,9.74,0,5.0
2205850,"Dwarves: Glory, Death and Loot",3,1,1,124.34747179663869,4.831089655247641,Adventure,0.03559206023271732,9.74,0,5.0
2205850,"Dwarves: Glory, Death and Loot",4,1,1,569.625,6.346732251349233,Adventure,0.03559206023271732,9.74,0,5.0
2429640,Throne and Liberty,1,0,1,25742.688,10.155944749829949,Action,1.3442847364818618,20.0,0,5.0
2429640,Throne and Liberty,2,0,1,19512.60392837105,9.878867138668383,Action,1.3442847364818618,20.0,0,5.0
2429640,Throne and Liberty,3,1,1,19592.293639222702,9.88294262540394,Action,1.3442847364818618,20.0,0,5.0
2429640,Throne and Liberty,4,1,1,22861.205,10.037240389390067,Action,1.3442847364818618,20.0,0,5.0
690830,Foundation,1,0,1,2772.2889999999998,7.92778925944245,Strategy,1.0102669404517455,22.77,0,5.0
690830,Foundation,2,0,1,7987.322144318614,8.985736022255159,Strategy,1.0102669404517455,22.77,0,5.0
690830,Foundation,3,1,1,7525.075505751697,8.92612900375675,Strategy,1.0102669404517455,22.77,0,5.0
690830,Foundation,4,1,1,5639.26,8.637685442720345,Strategy,1.0102669404517455,22.77,0,5.0
2399420,Le Mans Ultimate,1,0,1,715.212,6.573976212520309,Simulation,0.5393566050650239,39.99,0,5.0
2399420,Le Mans Ultimate,2,0,1,847.1800281408322,6.7430929105959,Simulation,0.5393566050650239,39.99,0,5.0
2399420,Le Mans Ultimate,3,1,1,848.6100117397174,6.744777434480999,Simulation,0.5393566050650239,39.99,0,5.0
2399420,Le Mans Ultimate,4,1,1,1030.98,6.939234566008755,Simulation,0.5393566050650239,39.99,0,5.0
1144200,Ready or Not,1,0,1,8643.346000000001,9.064660744590611,Action,2.1464750171115674,49.99,0,5.0
1144200,Ready or Not,2,0,1,6152.867994670715,8.724836105322176,Action,2.1464750171115674,49.99,0,5.0
1144200,Ready or Not,3,1,1,6190.477987750293,8.730929107411862,Action,2.1464750171115674,49.99,0,5.0
1144200,Ready or Not,4,1,1,6537.935,8.785529587154018,Action,2.1464750171115674,49.99,0,5.0
1145350,Hades II,1,0,1,3285.5429999999997,8.097591531445818,Action,0.3613963039014374,28.99,0,5.0
1145350,Hades II,2,0,1,4922.414012461722,8.50175747381751,Action,0.3613963039014374,28.99,0,5.0
1145350,Hades II,3,1,1,4936.825255017547,8.504680281473686,Action,0.3613963039014374,28.99,0,5.0
1145350,Hades II,4,1,1,5257.68,8.56763532366805,Action,0.3613963039014374,28.99,0,5.0
1172620,Sea of Thieves: 2025 Edition,1,0,1,6947.1669999999995,8.846233162765868,Action,5.672826830937714,39.99,0,5.0
1172620,Sea of Thieves: 2025 Edition,2,0,1,8484.681566921927,9.046135500538048,Action,5.672826830937714,39.99,0,5.0
1172620,Sea of Thieves: 2025 Edition,3,1,1,8351.933842542743,9.03036811452135,Action,5.672826830937714,39.99,0,5.0
1172620,Sea of Thieves: 2025 Edition,4,1,1,8719.685,9.07345306886361,Action,5.672826830937714,39.99,0,5.0
1527950,Wartales,1,0,1,2910.644,7.976473149095847,Adventure,2.817248459958932,34.99,0,5.0
1527950,Wartales,2,0,1,2054.2922252946682,7.628173318910439,Adventure,2.817248459958932,34.99,0,5.0
1527950,Wartales,3,1,1,1998.8147840906065,7.600809847299004,Adventure,2.817248459958932,34.99,0,5.0
1527950,Wartales,4,1,1,2200.3900000000003,7.696844258015151,Adventure,2.817248459958932,34.99,0,5.0
1934680,Age of Mythology: Retold,1,0,1,2655.1899999999996,7.884648044182315,Strategy,1.4182067077344285,29.99,0,5.0
1934680,Age of Mythology: Retold,2,0,1,2344.2281724056106,7.760137977812385,Strategy,1.4182067077344285,29.99,0,5.0
1934680,Age of Mythology: Retold,3,1,1,2432.726392369746,7.797178856534482,Strategy,1.4182067077344285,29.99,0,5.0
1934680,Age of Mythology: Retold,4,1,1,2842.41,7.952759315111781,Strategy,1.4182067077344285,29.99,0,5.0
2406770,Bodycam,1,0,1,568.8409999999999,6.345357374547121,Action,1.6618754277891854,26.65,0,5.0
2406770,Bodycam,2,0,1,467.2619515844335,6.149027864937461,Action,1.6618754277891854,26.65,0,5.0
2406770,Bodycam,3,1,1,467.9234194834425,6.150439470430393,Action,1.6618754277891854,26.65,0,5.0
2406770,Bodycam,4,1,1,482.325,6.180689305218566,Action,1.6618754277891854,26.65,0,5.0
400750,Call to Arms - Gates of Hell: Ostfront,1,0,1,2925.0240000000003,7.9813997838704225,Action,4.65160848733744,34.99,0,5.0
400750,Call to Arms - Gates of Hell: Ostfront,2,0,1,2609.881049524603,7.8674430102215265,Action,4.65160848733744,34.99,0,5.0
400750,Call to Arms - Gates of Hell: Ostfront,3,1,1,2622.2643092840535,7.872174740815502,Action,4.65160848733744,34.99,0,5.0
400750,Call to Arms - Gates of Hell: Ostfront,4,1,1,3050.735,8.023465560325246,Action,4.65160848733744,34.99,0,5.0
2221490,Tom Clancy’s The Division® 2,1,0,1,2272.479,7.729066536362938,Action,3.0636550308008212,29.99,0,5.0
2221490,Tom Clancy’s The Division® 2,2,0,1,2122.179950321783,7.660670220391769,Action,3.0636550308008212,29.99,0,5.0
2221490,Tom Clancy’s The Division® 2,3,1,1,2015.2558317276914,7.608997521798629,Action,3.0636550308008212,29.99,0,5.0
2221490,Tom Clancy’s The Division® 2,4,1,1,3085.0249999999996,8.034639133992043,Action,3.0636550308008212,29.99,0,5.0
699130,World War Z,1,0,1,1876.2389999999998,7.537557359327721,Action,4.372347707049966,14.79,0,5.0
699130,World War Z,2,0,1,2167.117898635111,7.681614742370186,Action,4.372347707049966,14.79,0,5.0
699130,World War Z,3,1,1,2104.1052970913083,7.652120767236573,Action,4.372347707049966,14.79,0,5.0
699130,World War Z,4,1,1,1992.81,7.597802660124225,Action,4.372347707049966,14.79,0,5.0
1466860,Age of Empires IV: Anniversary Edition,1,0,1,9163.664,9.123110498390638,Strategy,4.271047227926078,39.99,0,5.0
1466860,Age of Empires IV: Anniversary Edition,2,0,1,8874.987537694737,9.091104880006291,Strategy,4.271047227926078,39.99,0,5.0
1466860,Age of Empires IV: Anniversary Edition,3,1,1,9637.880940991281,9.1735602959068,Strategy,4.271047227926078,39.99,0,5.0
1466860,Age of Empires IV: Anniversary Edition,4,1,1,9330.615,9.141163376396573,Strategy,4.271047227926078,39.99,0,5.0
108600,Project Zomboid,1,0,1,34743.579,10.455778838823672,RPG,12.240930869267626,19.5,0,5.0
108600,Project Zomboid,2,0,1,29055.618777063653,10.277001577191045,RPG,12.240930869267626,19.5,0,5.0
108600,Project Zomboid,3,1,1,30429.4641446021,10.32319949563707,RPG,12.240930869267626,19.5,0,5.0
108600,Project Zomboid,4,1,1,26583.515,10.188084182401704,RPG,12.240930869267626,19.5,0,5.0
1284190,The Planet Crafter,1,0,1,2966.4389999999994,7.995454570248956,Adventure,1.8206707734428473,23.99,0,5.0
1284190,The Planet Crafter,2,0,1,2432.643525037869,7.797144806386952,Adventure,1.8206707734428473,23.99,0,5.0
1284190,The Planet Crafter,3,1,1,2420.769387416664,7.79225370381452,Adventure,1.8206707734428473,23.99,0,5.0
1284190,The Planet Crafter,4,1,1,2700.0699999999997,7.90140326978408,Adventure,1.8206707734428473,23.99,0,5.0
275850,No Man's Sky,1,0,1,13249.211,9.491768755815876,Action,9.481177275838467,365.0,0,5.0
275850,No Man's Sky,2,0,1,22860.02300303957,10.037188687136647,Action,9.481177275838467,365.0,0,5.0
275850,No Man's Sky,3,1,1,23428.66001694468,10.06175802080948,Action,9.481177275838467,365.0,0,5.0
275850,No Man's Sky,4,1,1,16771.385000000002,9.727489062952069,Action,9.481177275838467,365.0,0,5.0
960090,Bloons TD 6,1,0,1,8925.776,9.096810578448277,Strategy,7.134839151266256,13.79,0,5.0
960090,Bloons TD 6,2,0,1,9844.74314293812,9.1947944725249,Strategy,7.134839151266256,13.79,0,5.0
960090,Bloons TD 6,3,1,1,9952.987527244046,9.205728506378136,Strategy,7.134839151266256,13.79,0,5.0
960090,Bloons TD 6,4,1,1,9150.825,9.121708591933265,Strategy,7.134839151266256,13.79,0,5.0
291550,Brawlhalla,1,0,1,9975.786,9.20801627335,Action,8.301163586584531,20.0,0,5.0
291550,Brawlhalla,2,0,1,10472.337303518327,9.256588002217018,Action,8.301163586584531,20.0,0,5.0
291550,Brawlhalla,3,1,1,10729.940751920307,9.280886506704197,Action,8.301163586584531,20.0,0,5.0
291550,Brawlhalla,4,1,1,10295.650000000001,9.239573878596397,Action,8.301163586584531,20.0,0,5.0
1643320,S.T.A.L.K.E.R. 2: Heart of Chornobyl,1,0,1,10373.341999999999,9.247090921400911,Action,1.2073921971252566,59.99,0,5.0
1643320,S.T.A.L.K.E.R. 2: Heart of Chornobyl,2,0,1,6669.278778975559,8.805416933984603,Action,1.2073921971252566,59.99,0,5.0
1643320,S.T.A.L.K.E.R. 2: Heart of Chornobyl,3,1,1,6838.219829973979,8.830428944165941,Action,1.2073921971252566,59.99,0,5.0
1643320,S.T.A.L.K.E.R. 2: Heart of Chornobyl,4,1,1,5692.4349999999995,8.647069035657871,Action,1.2073921971252566,59.99,0,5.0
1288320,Way of the Hunter,1,0,1,361.00699999999995,5.891663548655388,Adventure,3.4715947980835042,2.99,0,5.0
1288320,Way of the Hunter,2,0,1,257.04764047482115,5.553144220878533,Adventure,3.4715947980835042,2.99,0,5.0
1288320,Way of the Hunter,3,1,1,255.0141979722883,5.545232903770919,Adventure,3.4715947980835042,2.99,0,5.0
1288320,Way of the Hunter,4,1,1,355.52,5.8763903392625165,Adventure,3.4715947980835042,2.99,0,5.0
1190970,House Flipper 2,1,0,1,1896.631,7.548361545094926,Simulation,2.1437371663244353,37.49,0,5.0
1190970,House Flipper 2,2,0,1,1774.490682795209,7.4818321047181255,Simulation,2.1437371663244353,37.49,0,5.0
1190970,House Flipper 2,3,1,1,1755.1389127121622,7.470872878533294,Simulation,2.1437371663244353,37.49,0,5.0
1190970,House Flipper 2,4,1,1,1721.7350000000001,7.451668423190269,Simulation,2.1437371663244353,37.49,0,5.0
1627720,Lies of P,1,0,1,1421.9119999999998,7.260460754997003,Action,2.3819301848049284,59.99,0,5.0
1627720,Lies of P,2,0,1,1542.3076130780794,7.341683192881128,Action,2.3819301848049284,59.99,0,5.0
1627720,Lies of P,3,1,1,1614.843078306766,7.387612129357855,Action,2.3819301848049284,59.99,0,5.0
1627720,Lies of P,4,1,1,1913.6299999999999,7.557279671458751,Action,2.3819301848049284,59.99,0,5.0
1938090,Call of Duty®,1,0,1,59310.84299999999,10.990564278367858,Action,3.274469541409993,20.0,0,5.0
1938090,Call of Duty®,2,0,1,57000.89141831718,10.950839729043645,Action,3.274469541409993,20.0,0,5.0
1938090,Call of Duty®,3,1,1,53107.59456370789,10.880094050323086,Action,3.274469541409993,20.0,0,5.0
1938090,Call of Duty®,4,1,1,49594.265,10.811650644446392,Action,3.274469541409993,20.0,0,5.0
780310,The Riftbreaker,1,0,1,370.243,5.916856834720292,Action,4.309377138945927,14.99,0,5.0
780310,The Riftbreaker,2,0,1,437.7117936434672,6.083842690973501,Action,4.309377138945927,14.99,0,5.0
780310,The Riftbreaker,3,1,1,444.40233771888495,6.098978003392531,Action,4.309377138945927,14.99,0,5.0
780310,The Riftbreaker,4,1,1,406.71500000000003,6.0105684009070535,Action,4.309377138945927,14.99,0,5.0
376210,The Isle,1,0,1,6860.901,8.833739796033644,Action,10.179329226557153,19.99,0,5.0
376210,The Isle,2,0,1,7229.040199658863,8.885999875256145,Action,10.179329226557153,19.99,0,5.0
376210,The Isle,3,1,1,7889.549907306447,8.973421108154744,Action,10.179329226557153,19.99,0,5.0
376210,The Isle,4,1,1,8030.875,8.991173279061405,Action,10.179329226557153,19.99,0,5.0
221100,DayZ,1,0,1,39893.621,10.593996781759921,Action,7.145790554414784,47.99,0,5.0
221100,DayZ,2,0,1,39267.29581233746,10.5781727499494,Action,7.145790554414784,47.99,0,5.0
221100,DayZ,3,1,1,38228.32011341067,10.551358042420645,Action,7.145790554414784,47.99,0,5.0
221100,DayZ,4,1,1,40465.545,10.608230862345119,Action,7.145790554414784,47.99,0,5.0
1562430,DREDGE,1,0,1,875.8989999999999,6.776391820403773,Adventure,2.8528405201916494,9.99,0,5.0
1562430,DREDGE,2,0,1,557.4316664682582,6.325132259131545,Adventure,2.8528405201916494,9.99,0,5.0
1562430,DREDGE,3,1,1,549.8003994395131,6.311372492053062,Adventure,2.8528405201916494,9.99,0,5.0
1562430,DREDGE,4,1,1,1022.73,6.931208098956913,Adventure,2.8528405201916494,9.99,0,5.0
1476970,IdleOn,1,0,1,10366.172999999999,9.246399650750192,RPG,0.2464065708418891,20.0,0,5.0
1476970,IdleOn,2,0,1,12875.261765998592,9.463140721972739,RPG,0.2464065708418891,20.0,0,5.0
1476970,IdleOn,3,1,1,13467.355141986623,9.508098149252177,RPG,0.2464065708418891,20.0,0,5.0
1476970,IdleOn,4,1,1,12207.939999999999,9.409923749249375,RPG,0.2464065708418891,20.0,0,5.0
2698940,The Crew Motorfest,1,0,1,906.4929999999998,6.810685852610634,Sports,1.7987679671457906,69.99,0,5.0
2698940,The Crew Motorfest,2,0,1,624.1384932506501,6.437973214390181,Sports,1.7987679671457906,69.99,0,5.0
2698940,The Crew Motorfest,3,1,1,621.0694480399666,6.433051739303844,Sports,1.7987679671457906,69.99,0,5.0
2698940,The Crew Motorfest,4,1,1,861.6999999999999,6.760067006082533,Sports,1.7987679671457906,69.99,0,5.0
784150,Workers & Resources: Soviet Republic,1,0,1,2638.5409999999997,7.878360317387964,Strategy,1.626283367556468,39.99,0,5.0
784150,Workers & Resources: Soviet Republic,2,0,1,2356.044457127936,7.765163764501117,Strategy,1.626283367556468,39.99,0,5.0
784150,Workers & Resources: Soviet Republic,3,1,1,2269.642289828942,7.727818017514686,Strategy,1.626283367556468,39.99,0,5.0
784150,Workers & Resources: Soviet Republic,4,1,1,2257.0,7.722234744709607,Strategy,1.626283367556468,39.99,0,5.0
3156770,Witchfire,1,0,1,378.749,5.939510508161026,Action,1.3661875427789185,39.99,0,5.0
3156770,Witchfire,2,0,1,248.36735112936674,5.518927115010787,Action,1.3661875427789185,39.99,0,5.0
3156770,Witchfire,3,1,1,253.51091962801098,5.539343741270569,Action,1.3661875427789185,39.99,0,5.0
3156770,Witchfire,4,1,1,298.85,5.703282349614518,Action,1.3661875427789185,39.99,0,5.0
1898300,ASKA,1,0,1,902.3029999999999,6.806058045306045,Adventure,1.626283367556468,24.99,0,5.0
1898300,ASKA,2,0,1,890.2866567550795,6.792666100481674,Adventure,1.626283367556468,24.99,0,5.0
1898300,ASKA,3,1,1,906.5881445522479,6.810790690405485,Adventure,1.626283367556468,24.99,0,5.0
1898300,ASKA,4,1,1,1155.7250000000001,7.053348015277788,Adventure,1.626283367556468,24.99,0,5.0
1455630,THE GAME OF LIFE 2,1,0,1,76.30499999999999,4.347758636554558,Strategy,5.149897330595483,3.74,0,5.0
1455630,THE GAME OF LIFE 2,2,0,1,84.21701046898515,4.4452010672990285,Strategy,5.149897330595483,3.74,0,5.0
1455630,THE GAME OF LIFE 2,3,1,1,82.76400691952753,4.428003403521318,Strategy,5.149897330595483,3.74,0,5.0
1455630,THE GAME OF LIFE 2,4,1,1,71.63,4.285378059618076,Strategy,5.149897330595483,3.74,0,5.0
1649950,News Tower,1,0,1,91.05199999999999,4.522353634765159,Strategy,0.2135523613963039,19.99,0,5.0
1649950,News Tower,2,0,1,140.00015060449812,4.9487609584946055,Strategy,0.2135523613963039,19.99,0,5.0
1649950,News Tower,3,1,1,143.10763311464962,4.970560472557802,Strategy,0.2135523613963039,19.99,0,5.0
1649950,News Tower,4,1,1,125.175,4.837669832226326,Strategy,0.2135523613963039,19.99,0,5.0
1898300,ASKA,1,0,1,902.3029999999999,6.806058045306045,Adventure,1.626283367556468,24.99,0,5.0
1898300,ASKA,2,0,1,866.0570467430132,6.765104772474104,Adventure,1.626283367556468,24.99,0,5.0
1898300,ASKA,3,1,1,857.9212631836274,6.755677256762903,Adventure,1.626283367556468,24.99,0,5.0
1898300,ASKA,4,1,1,1155.7250000000001,7.053348015277788,Adventure,1.626283367556468,24.99,0,5.0
3156770,Witchfire,1,0,1,378.749,5.939510508161026,Action,1.3661875427789185,39.99,0,5.0
3156770,Witchfire,2,0,1,250.15437948434075,5.526067807767852,Action,1.3661875427789185,39.99,0,5.0
3156770,Witchfire,3,1,1,242.67513174528352,5.495835910882955,Action,1.3661875427789185,39.99,0,5.0
3156770,Witchfire,4,1,1,298.85,5.703282349614518,Action,1.3661875427789185,39.99,0,5.0
1995520,Pax Dei,1,0,1,780.587,6.661326468041632,RPG,0.30390143737166325,17.99,0,5.0
1995520,Pax Dei,2,0,1,758.3438015439077,6.632454641298303,RPG,0.30390143737166325,17.99,0,5.0
1995520,Pax Dei,3,1,1,744.3030573156205,6.613790924006728,RPG,0.30390143737166325,17.99,0,5.0
1995520,Pax Dei,4,1,1,840.45,6.735126594159082,RPG,0.30390143737166325,17.99,0,5.0
392160,X4: Foundations,1,0,1,2672.822,7.891264188505299,Action,7.181382614647502,49.99,0,5.0
392160,X4: Foundations,2,0,1,2940.2335283541975,7.986584339806323,Action,7.181382614647502,49.99,0,5.0
392160,X4: Foundations,3,1,1,3123.359878342298,8.046984702257678,Action,7.181382614647502,49.99,0,5.0
392160,X4: Foundations,4,1,1,3522.655,8.167254082150034,Action,7.181382614647502,49.99,0,5.0
359320,Elite Dangerous,1,0,1,5181.195,8.552983990672642,Action,10.844626967830253,19.99,0,5.0
359320,Elite Dangerous,2,0,1,4298.24439685961,8.366194564580239,Action,10.844626967830253,19.99,0,5.0
359320,Elite Dangerous,3,1,1,4581.834617293789,8.430072997734023,Action,10.844626967830253,19.99,0,5.0
359320,Elite Dangerous,4,1,1,5707.13,8.649646753389938,Action,10.844626967830253,19.99,0,5.0
1677280,Company of Heroes 3,1,0,1,2707.845,7.9042776237630346,Action,2.948665297741273,54.99,0,5.0
1677280,Company of Heroes 3,2,0,1,2927.8526038986047,7.982366022549745,Action,2.948665297741273,54.99,0,5.0
1677280,Company of Heroes 3,3,1,1,2818.931857362976,7.944467999584521,Action,2.948665297741273,54.99,0,5.0
1677280,Company of Heroes 3,4,1,1,3734.41,8.225612863965392,Action,2.948665297741273,54.99,0,5.0
2437170,SMITE 2,1,0,1,6507.16,8.780812053162718,Action,1.4401095140314852,20.0,0,5.0
2437170,SMITE 2,2,0,1,7434.617825690902,8.914036952374095,Action,1.4401095140314852,20.0,0,5.0
2437170,SMITE 2,3,1,1,7421.710652075426,8.912299586440719,Action,1.4401095140314852,20.0,0,5.0
2437170,SMITE 2,4,1,1,6105.1849999999995,8.71705747090332,Action,1.4401095140314852,20.0,0,5.0
9900,Star Trek Online,1,0,1,1049.952,6.9574516990442845,RPG,14.012320328542094,20.0,0,5.0
9900,Star Trek Online,2,0,1,1256.1731419555017,7.136620941312697,RPG,14.012320328542094,20.0,0,5.0
9900,Star Trek Online,3,1,1,1297.2762511017208,7.168792702894905,RPG,14.012320328542094,20.0,0,5.0
9900,Star Trek Online,4,1,1,1217.87,7.105679479003499,RPG,14.012320328542094,20.0,0,5.0
2009350,Out of Ore,1,0,1,645.52,6.471604133541608,Adventure,3.263518138261465,24.5,0,5.0
2009350,Out of Ore,2,0,1,537.488340912678,6.288765845317818,Adventure,3.263518138261465,24.5,0,5.0
2009350,Out of Ore,3,1,1,528.6096553690512,6.272140235893638,Adventure,3.263518138261465,24.5,0,5.0
2009350,Out of Ore,4,1,1,501.775,6.220142753920666,Adventure,3.263518138261465,24.5,0,5.0
1203220,NARAKA: BLADEPOINT,1,0,1,84560.666,11.345236322336792,Action,4.484599589322382,20.0,0,5.0
1203220,NARAKA: BLADEPOINT,2,0,1,79138.45455801513,11.278966822800617,Action,4.484599589322382,20.0,0,5.0
1203220,NARAKA: BLADEPOINT,3,1,1,84458.71472675976,11.344029950868682,Action,4.484599589322382,20.0,0,5.0
1203220,NARAKA: BLADEPOINT,4,1,1,74038.005,11.21234732791534,Action,4.484599589322382,20.0,0,5.0
2688950,Planet Coaster 2,1,0,1,1328.378,7.192466442651532,Strategy,1.2457221081451062,49.99,0,5.0
2688950,Planet Coaster 2,2,0,1,1060.6430194275895,6.967573005395513,Strategy,1.2457221081451062,49.99,0,5.0
2688950,Planet Coaster 2,3,1,1,1070.0073471727444,6.976354930529489,Strategy,1.2457221081451062,49.99,0,5.0
2688950,Planet Coaster 2,4,1,1,1103.7849999999999,7.007406024884882,Strategy,1.2457221081451062,49.99,0,5.0
1422130,SimRail - The Railway Simulator,1,0,1,255.60999999999999,5.5475574225835205,Simulation,1.1444216290212184,25.49,0,5.0
1422130,SimRail - The Railway Simulator,2,0,1,222.61967749308937,5.409946740508583,Simulation,1.1444216290212184,25.49,0,5.0
1422130,SimRail - The Railway Simulator,3,1,1,225.97372192175462,5.424834248321181,Simulation,1.1444216290212184,25.49,0,5.0
1422130,SimRail - The Railway Simulator,4,1,1,224.92,5.420180954304877,Simulation,1.1444216290212184,25.49,0,5.0
211500,RaceRoom Racing Experience,1,0,1,481.5559999999999,6.179096976220513,Simulation,12.97741273100616,20.0,0,5.0
211500,RaceRoom Racing Experience,2,0,1,448.7247332925165,6.108635691802861,Simulation,12.97741273100616,20.0,0,5.0
211500,RaceRoom Racing Experience,3,1,1,436.2409442249185,6.080484402935055,Simulation,12.97741273100616,20.0,0,5.0
211500,RaceRoom Racing Experience,4,1,1,450.54,6.112663962509827,Simulation,12.97741273100616,20.0,0,5.0
1119730,"Ranch Simulator: Build, Hunt, Farm",1,0,1,1343.6219999999998,7.2038682116443535,Simulation,2.2559890485968515,24.99,0,5.0
1119730,"Ranch Simulator: Build, Hunt, Farm",2,0,1,2648.7378176592174,7.882215977353336,Simulation,2.2559890485968515,24.99,0,5.0
1119730,"Ranch Simulator: Build, Hunt, Farm",3,1,1,2599.6663479317144,7.863522978839543,Simulation,2.2559890485968515,24.99,0,5.0
1119730,"Ranch Simulator: Build, Hunt, Farm",4,1,1,2506.7650000000003,7.827147197203187,Simulation,2.2559890485968515,24.99,0,5.0
2016590,Dark and Darker,1,0,1,11450.555,9.345880807621596,Action,1.6618754277891854,20.0,0,5.0
2016590,Dark and Darker,2,0,1,10751.529748530767,9.282896331315841,Action,1.6618754277891854,20.0,0,5.0
2016590,Dark and Darker,3,1,1,11277.479270594875,9.330651699526873,Action,1.6618754277891854,20.0,0,5.0
2016590,Dark and Darker,4,1,1,9227.305,9.130030670329594,Action,1.6618754277891854,20.0,0,5.0
1114150,CarX Street,1,0,1,633.988,6.453606101076334,Simulation,1.434633812457221,17.59,0,5.0
1114150,CarX Street,2,0,1,569.485713799656,6.346488127445476,Simulation,1.434633812457221,17.59,0,5.0
1114150,CarX Street,3,1,1,569.6123313813645,6.346710049799586,Simulation,1.434633812457221,17.59,0,5.0
1114150,CarX Street,4,1,1,554.655,6.320147598061429,Simulation,1.434633812457221,17.59,0,5.0
1114150,CarX Street,1,0,1,633.988,6.453606101076334,Simulation,1.434633812457221,17.59,0,5.0
1114150,CarX Street,2,0,1,556.5268840239803,6.323510724636146,Simulation,1.434633812457221,17.59,0,5.0
1114150,CarX Street,3,1,1,578.6385283717561,6.362404682308577,Simulation,1.434633812457221,17.59,0,5.0
1114150,CarX Street,4,1,1,554.655,6.320147598061429,Simulation,1.434633812457221,17.59,0,5.0
1611600,WARNO,1,0,1,1216.5919999999999,7.1046304167836025,Action,1.702943189596167,39.99,0,5.0
1611600,WARNO,2,0,1,1059.44158663645,6.966440691522567,Action,1.702943189596167,39.99,0,5.0
1611600,WARNO,3,1,1,1050.9271999198122,6.958379189305978,Action,1.702943189596167,39.99,0,5.0
1611600,WARNO,4,1,1,1164.655,7.061038439766398,Action,1.702943189596167,39.99,0,5.0
2677660,Indiana Jones and the Great Circle,1,0,1,1906.6349999999998,7.553619533917736,Action,1.158110882956879,69.99,0,5.0
2677660,Indiana Jones and the Great Circle,2,0,1,1022.1889567248585,6.930679457326071,Action,1.158110882956879,69.99,0,5.0
2677660,Indiana Jones and the Great Circle,3,1,1,1051.8464549334976,6.959252684724371,Action,1.158110882956879,69.99,0,5.0
2677660,Indiana Jones and the Great Circle,4,1,1,963.44,6.871547622012628,Action,1.158110882956879,69.99,0,5.0
1676840,For The King II,1,0,1,856.3639999999999,6.7538625658786025,Adventure,2.2587268993839835,9.99,0,5.0
1676840,For The King II,2,0,1,797.6807615200773,6.68296131839157,Adventure,2.2587268993839835,9.99,0,5.0
1676840,For The King II,3,1,1,821.3261708727459,6.712137117899617,Adventure,2.2587268993839835,9.99,0,5.0
1676840,For The King II,4,1,1,742.39,6.61122080606431,Adventure,2.2587268993839835,9.99,0,5.0
427410,Abiotic Factor,1,0,1,3185.3289999999997,8.066624749419836,Action,0.5393566050650239,33.99,0,5.0
427410,Abiotic Factor,2,0,1,5731.2577328231,8.653864751793307,Action,0.5393566050650239,33.99,0,5.0
427410,Abiotic Factor,3,1,1,5412.559556440706,8.59666211415727,Action,0.5393566050650239,33.99,0,5.0
427410,Abiotic Factor,4,1,1,4083.9799999999996,8.315072111321285,Action,0.5393566050650239,33.99,0,5.0
1929610,Demonologist,1,0,1,698.7189999999999,6.550678825877958,Action,2.3627652292950034,19.5,0,5.0
1929610,Demonologist,2,0,1,519.8565465643223,6.25547466135276,Action,2.3627652292950034,19.5,0,5.0
1929610,Demonologist,3,1,1,514.1573328841903,6.244472354753886,Action,2.3627652292950034,19.5,0,5.0
1929610,Demonologist,4,1,1,441.52,6.09248566116671,Action,2.3627652292950034,19.5,0,5.0
361420,ASTRONEER,1,0,1,2010.136,7.606455015531727,Adventure,6.997946611909651,29.99,0,5.0
361420,ASTRONEER,2,0,1,1742.0196895613676,7.463374341819596,Adventure,6.997946611909651,29.99,0,5.0
361420,ASTRONEER,3,1,1,1885.8678894746363,7.542673532040428,Adventure,6.997946611909651,29.99,0,5.0
361420,ASTRONEER,4,1,1,1725.705,7.453970247111187,Adventure,6.997946611909651,29.99,0,5.0
1601580,Frostpunk 2,1,0,1,788.195,6.671013438598741,Strategy,1.374401095140315,26.99,0,5.0
1601580,Frostpunk 2,2,0,1,554.3523801147501,6.319602831396239,Strategy,1.374401095140315,26.99,0,5.0
1601580,Frostpunk 2,3,1,1,584.6263933375257,6.3726820322214905,Strategy,1.374401095140315,26.99,0,5.0
1601580,Frostpunk 2,4,1,1,547.49,6.307169048008523,Strategy,1.374401095140315,26.99,0,5.0
457140,Oxygen Not Included,1,0,1,8439.632,9.040812466303109,Simulation,6.5188227241615335,22.99,0,5.0
457140,Oxygen Not Included,2,0,1,7320.689367885524,8.898596368290416,Simulation,6.5188227241615335,22.99,0,5.0
457140,Oxygen Not Included,3,1,1,7608.788315906354,8.937190633899377,Simulation,6.5188227241615335,22.99,0,5.0
457140,Oxygen Not Included,4,1,1,7476.74,8.919685886277895,Simulation,6.5188227241615335,22.99,0,5.0
585420,Trailmakers,1,0,1,1131.847,7.032489212191758,Action,6.381930184804928,7.49,0,5.0
585420,Trailmakers,2,0,1,1032.1285208862766,6.940346876565878,Action,6.381930184804928,7.49,0,5.0
585420,Trailmakers,3,1,1,979.8123735199506,6.88838118084457,Action,6.381930184804928,7.49,0,5.0
585420,Trailmakers,4,1,1,1265.785,7.144237473735524,Action,6.381930184804928,7.49,0,5.0
466560,Northgard: Definitive Edition,1,0,1,2516.9939999999997,7.831217831757927,Adventure,7.915126625598905,13.99,0,5.0
466560,Northgard: Definitive Edition,2,0,1,2062.080708643051,7.631955634285188,Adventure,7.915126625598905,13.99,0,5.0
466560,Northgard: Definitive Edition,3,1,1,2219.3917896446064,7.705438941117135,Adventure,7.915126625598905,13.99,0,5.0
466560,Northgard: Definitive Edition,4,1,1,2086.9049999999997,7.643916449883169,Adventure,7.915126625598905,13.99,0,5.0
381210,Dead by Daylight,1,0,0,32056.447999999997,10.37528482224664,Action,9.639972621492129,792.0,0,5.0
381210,Dead by Daylight,2,0,0,35097.77189663663,10.465921420142028,Action,9.639972621492129,792.0,0,5.0
381210,Dead by Daylight,3,1,0,33878.790147287495,10.430573954747029,Action,9.639972621492129,792.0,0,5.0
381210,Dead by Daylight,4,1,0,33681.409999999996,10.424731021615745,Action,9.639972621492129,792.0,0,5.0
230410,Warframe,1,0,0,53791.852999999996,10.892895893459176,Action,12.865160848733744,20.0,0,5.0
230410,Warframe,2,0,0,55690.20951800339,10.927577595112515,Action,12.865160848733744,20.0,0,5.0
230410,Warframe,3,1,0,57317.80214916105,10.95638398411665,Action,12.865160848733744,20.0,0,5.0
230410,Warframe,4,1,0,53979.740000000005,10.89638259525906,Action,12.865160848733744,20.0,0,5.0
236390,War Thunder,1,0,0,62039.72,11.035546222638994,Action,12.473648186173854,20.0,0,5.0
236390,War Thunder,2,0,0,58703.798663920796,10.980276751434392,Action,12.473648186173854,20.0,0,5.0
236390,War Thunder,3,1,0,62078.27334750925,11.036167449690485,Action,12.473648186173854,20.0,0,5.0
236390,War Thunder,4,1,0,59740.130000000005,10.99777600689084,Action,12.473648186173854,20.0,0,5.0
1371980,No Rest for the Wicked,1,0,0,147.47899999999998,5.000443534101418,Action,1.7987679671457906,23.99,0,5.0
1371980,No Rest for the Wicked,2,0,0,144.55475396472593,4.980552331731244,Action,1.7987679671457906,23.99,0,5.0
1371980,No Rest for the Wicked,3,1,0,141.66531754607684,4.960501450416242,Action,1.7987679671457906,23.99,0,5.0
1371980,No Rest for the Wicked,4,1,0,412.205,6.023943837849909,Action,1.7987679671457906,23.99,0,5.0
1174180,Red Dead Redemption 2,1,0,0,41967.027,10.64466334545376,Action,6.168377823408624,14.99,0,5.0
1174180,Red Dead Redemption 2,2,0,0,50127.35848682635,10.822342164595272,Action,6.168377823408624,14.99,0,5.0
1174180,Red Dead Redemption 2,3,1,0,50432.92254079102,10.82841929393747,Action,6.168377823408624,14.99,0,5.0
1174180,Red Dead Redemption 2,4,1,0,41324.88,10.629244217078348,Action,6.168377823408624,14.99,0,5.0
2767030,Marvel Rivals,1,0,0,282645.88099999994,12.5519536271938,Action,1.1663244353182751,20.0,0,5.0
2767030,Marvel Rivals,2,0,0,230022.57437416195,12.34593707993181,Action,1.1663244353182751,20.0,0,5.0
2767030,Marvel Rivals,3,1,0,228633.70318026555,12.339880826258996,Action,1.1663244353182751,20.0,0,5.0
2767030,Marvel Rivals,4,1,0,186150.72,12.134317319118503,Action,1.1663244353182751,20.0,0,5.0
227300,Euro Truck Simulator 2,1,0,0,30595.090999999997,10.328627534682333,Simulation,13.314168377823409,19.99,0,5.0
227300,Euro Truck Simulator 2,2,0,0,26356.32658271142,10.179501564000889,Simulation,13.314168377823409,19.99,0,5.0
227300,Euro Truck Simulator 2,3,1,0,27407.782199761663,10.218618759260641,Simulation,13.314168377823409,19.99,0,5.0
227300,Euro Truck Simulator 2,4,1,0,27645.29,10.227246820732724,Simulation,13.314168377823409,19.99,0,5.0
1151340,Fallout 76,1,0,0,7834.09,8.966367641641824,RPG,5.809719370294319,7.99,0,5.0
1151340,Fallout 76,2,0,0,7755.79151198741,8.956324062726987,RPG,5.809719370294319,7.99,0,5.0
1151340,Fallout 76,3,1,0,7980.46653638899,8.984877450048872,RPG,5.809719370294319,7.99,0,5.0
1151340,Fallout 76,4,1,0,7877.715,8.971920098488402,RPG,5.809719370294319,7.99,0,5.0
1551360,Forza Horizon 5,1,0,0,11524.859999999999,9.352348485471342,Action,4.240930869267625,29.99,0,5.0
1551360,Forza Horizon 5,2,0,0,11149.709995933856,9.319258451626354,Action,4.240930869267625,29.99,0,5.0
1551360,Forza Horizon 5,3,1,0,10498.645080832048,9.259096733748802,Action,4.240930869267625,29.99,0,5.0
1551360,Forza Horizon 5,4,1,0,11114.380000000001,9.316085013848088,Action,4.240930869267625,29.99,0,5.0
1172470,Apex Legends™,1,0,0,77235.995,11.25463383107306,Action,5.25119780971937,20.0,0,5.0
1172470,Apex Legends™,2,0,0,92016.51125400912,11.429734177636362,Action,5.25119780971937,20.0,0,5.0
1172470,Apex Legends™,3,1,0,94478.00856532688,11.456132957223117,Action,5.25119780971937,20.0,0,5.0
1172470,Apex Legends™,4,1,0,92687.935,11.437004380891256,Action,5.25119780971937,20.0,0,5.0
1086940,Baldur's Gate 3,1,0,0,64143.975,11.068901034941375,Adventure,2.507871321013005,59.99,0,5.0
1086940,Baldur's Gate 3,2,0,0,60202.91897631028,11.005492728452303,Adventure,2.507871321013005,59.99,0,5.0
1086940,Baldur's Gate 3,3,1,0,56412.620555731395,10.940465907545004,Adventure,2.507871321013005,59.99,0,5.0
1086940,Baldur's Gate 3,4,1,0,54566.06,10.907185682973017,Adventure,2.507871321013005,59.99,0,5.0
553850,HELLDIVERS™ 2,1,0,0,48770.14,10.794894023456537,Action,1.9904175222450375,39.99,0,5.0
553850,HELLDIVERS™ 2,2,0,0,55416.47154700109,10.922650193900926,Action,1.9904175222450375,39.99,0,5.0
553850,HELLDIVERS™ 2,3,1,0,55668.2147849677,10.927182576263416,Action,1.9904175222450375,39.99,0,5.0
553850,HELLDIVERS™ 2,4,1,0,45898.785,10.734215711941806,Action,1.9904175222450375,39.99,0,5.0
1313140,Cult of the Lamb,1,0,0,2483.87,7.81797562327901,Action,3.485284052019165,9.19,0,5.0
1313140,Cult of the Lamb,2,0,0,2524.4699901153413,7.834182459087692,Action,3.485284052019165,9.19,0,5.0
1313140,Cult of the Lamb,3,1,0,2513.677929070685,7.8299000143218,Action,3.485284052019165,9.19,0,5.0
1313140,Cult of the Lamb,4,1,0,2221.135,7.7062237244296075,Action,3.485284052019165,9.19,0,5.0
1203620,Enshrouded,1,0,0,13140.169999999998,9.483505329170569,Action,2.0314852840520192,23.99,0,5.0
1203620,Enshrouded,2,0,0,17224.374705555158,9.754138849233362,Action,2.0314852840520192,23.99,0,5.0
1203620,Enshrouded,3,1,0,16081.00449248336,9.685456192456604,Action,2.0314852840520192,23.99,0,5.0
1203620,Enshrouded,4,1,0,13449.48,9.506770072125535,Action,2.0314852840520192,23.99,0,5.0
552990,World of Warships,1,0,0,7226.261999999999,8.885615543566221,Action,8.2217659137577,20.0,0,5.0
552990,World of Warships,2,0,0,6132.386315985582,8.721502293367566,Action,8.2217659137577,20.0,0,5.0
552990,World of Warships,3,1,0,6473.103904812207,8.775565483911336,Action,8.2217659137577,20.0,0,5.0
552990,World of Warships,4,1,0,6568.16,8.790141249423373,Action,8.2217659137577,20.0,0,5.0
252490,Rust,1,0,0,123618.01099999998,11.72495962285769,Action,7.989048596851472,39.99,0,5.0
252490,Rust,2,0,0,116767.07754110689,11.667945003297229,Action,7.989048596851472,39.99,0,5.0
252490,Rust,3,1,0,120562.25398953189,11.699929823559328,Action,7.989048596851472,39.99,0,5.0
252490,Rust,4,1,0,116576.42499999999,11.666310923518923,Action,7.989048596851472,39.99,0,5.0
578080,PUBG: BATTLEGROUNDS,1,0,0,310318.131,12.64535650177479,Action,8.123203285420944,20.0,0,5.0
578080,PUBG: BATTLEGROUNDS,2,0,0,318336.50221011345,12.670867426657006,Action,8.123203285420944,20.0,0,5.0
578080,PUBG: BATTLEGROUNDS,3,1,0,332214.3872277927,12.713538794257182,Action,8.123203285420944,20.0,0,5.0
578080,PUBG: BATTLEGROUNDS,4,1,0,331151.86,12.710335360445361,Action,8.123203285420944,20.0,0,5.0
2694490,Path of Exile 2,1,0,0,160026.447,11.983100623254018,Action,1.163586584531143,27.75,0,5.0
2694490,Path of Exile 2,2,0,0,88582.11427358774,11.391696534610217,Action,1.163586584531143,27.75,0,5.0
2694490,Path of Exile 2,3,1,0,90987.45220827487,11.418487878636485,Action,1.163586584531143,27.75,0,5.0
2694490,Path of Exile 2,4,1,0,59428.770000000004,10.99255055825394,Action,1.163586584531143,27.75,0,5.0
1466060,Tainted Grail: The Fall of Avalon,1,0,0,68.208,4.237116462878073,Action,0.70362765229295,35.19,0,5.0
1466060,Tainted Grail: The Fall of Avalon,2,0,0,39.33460366776312,3.6972097523275993,Action,0.70362765229295,35.19,0,5.0
1466060,Tainted Grail: The Fall of Avalon,3,1,0,39.52940765186403,3.7020278254794814,Action,0.70362765229295,35.19,0,5.0
1466060,Tainted Grail: The Fall of Avalon,4,1,0,110.53999999999999,4.714383270961408,Action,0.70362765229295,35.19,0,5.0
1245620,ELDEN RING,1,0,0,47084.373,10.75971767975626,Action,3.9452429842573578,59.99,0,5.0
1245620,ELDEN RING,2,0,0,43928.91577635184,10.690350819744037,Action,3.9452429842573578,59.99,0,5.0
1245620,ELDEN RING,3,1,0,41497.51882281857,10.63341301456543,Action,3.9452429842573578,59.99,0,5.0
1245620,ELDEN RING,4,1,0,41324.475,10.62923441687604,Action,3.9452429842573578,59.99,0,5.0
1091500,Cyberpunk 2077,1,0,0,39969.708,10.595902164833454,RPG,5.155373032169747,59.99,0,5.0
1091500,Cyberpunk 2077,2,0,0,33580.40476231869,10.42172776305966,RPG,5.155373032169747,59.99,0,5.0
1091500,Cyberpunk 2077,3,1,0,34424.929088230936,10.446565311997544,RPG,5.155373032169747,59.99,0,5.0
1091500,Cyberpunk 2077,4,1,0,31121.684999999998,10.345692253490824,RPG,5.155373032169747,59.99,0,5.0
1361210,"Warhammer 40,000: Darktide",1,0,0,6300.138999999999,8.748485689689215,Action,3.1813826146475015,39.99,0,5.0
1361210,"Warhammer 40,000: Darktide",2,0,0,5143.532885277052,8.54568985411287,Action,3.1813826146475015,39.99,0,5.0
1361210,"Warhammer 40,000: Darktide",3,1,0,5157.788297667871,8.5484570048663,Action,3.1813826146475015,39.99,0,5.0
1361210,"Warhammer 40,000: Darktide",4,1,0,5105.195,8.538209787436474,Action,3.1813826146475015,39.99,0,5.0
1974050,Torchlight: Infinite,1,0,0,3456.986,8.148441617652045,Action,2.7433264887063653,20.0,0,5.0
1974050,Torchlight: Infinite,2,0,0,1610.944006868115,7.385196187269815,Action,2.7433264887063653,20.0,0,5.0
1974050,Torchlight: Infinite,3,1,0,1705.891639152468,7.442429240493874,Action,2.7433264887063653,20.0,0,5.0
1974050,Torchlight: Infinite,4,1,0,1086.35,6.9914988224149965,Action,2.7433264887063653,20.0,0,5.0
1085660,Destiny 2,1,0,0,25028.328999999998,10.12780357623588,Action,6.346338124572211,20.0,0,5.0
1085660,Destiny 2,2,0,0,40933.84880725824,10.619737028320358,Action,6.346338124572211,20.0,0,5.0
1085660,Destiny 2,3,1,0,38270.91770008878,10.552471686913155,Action,6.346338124572211,20.0,0,5.0
1085660,Destiny 2,4,1,0,35565.165,10.47915004355506,Action,6.346338124572211,20.0,0,5.0
2139460,Once Human,1,0,0,26891.768,10.199612681860296,Action,1.5742642026009583,20.0,0,5.0
2139460,Once Human,2,0,0,22513.796294354026,10.02192798514218,Action,1.5742642026009583,20.0,0,5.0
2139460,Once Human,3,1,0,21866.413614189016,9.992752844866132,Action,1.5742642026009583,20.0,0,5.0
2139460,Once Human,4,1,0,21488.995,9.975342756970173,Action,1.5742642026009583,20.0,0,5.0
2840770,Avatar: Frontiers of Pandora™,1,0,0,707.756,6.5635113206145945,Action,1.6344969199178645,29.99,0,5.0
2840770,Avatar: Frontiers of Pandora™,2,0,0,411.4948307520534,6.022223674186042,Action,1.6344969199178645,29.99,0,5.0
2840770,Avatar: Frontiers of Pandora™,3,1,0,413.41497472209704,6.026867826204783,Action,1.6344969199178645,29.99,0,5.0
2840770,Avatar: Frontiers of Pandora™,4,1,0,662.865,6.49807881555248,Action,1.6344969199178645,29.99,0,5.0
1326470,Sons Of The Forest,1,0,0,14927.524,9.611029024293149,Action,1.9520876112251881,28.99,0,5.0
1326470,Sons Of The Forest,2,0,0,9515.202277815459,9.160751127797965,Action,1.9520876112251881,28.99,0,5.0
1326470,Sons Of The Forest,3,1,0,9293.229884964627,9.137149044110341,Action,1.9520876112251881,28.99,0,5.0
1326470,Sons Of The Forest,4,1,0,10218.3,9.232033368261247,Action,1.9520876112251881,28.99,0,5.0
2537590,Microsoft Flight Simulator 2024,1,0,0,2832.815,7.949379139361936,Simulation,1.2101300479123889,79.99,0,5.0
2537590,Microsoft Flight Simulator 2024,2,0,0,2430.002607502816,7.796059046920573,Simulation,1.2101300479123889,79.99,0,5.0
2537590,Microsoft Flight Simulator 2024,3,1,0,2356.7737055247767,7.765473107673006,Simulation,1.2101300479123889,79.99,0,5.0
2537590,Microsoft Flight Simulator 2024,4,1,0,2374.725,7.773057933043319,Simulation,1.2101300479123889,79.99,0,5.0
1774580,STAR WARS Jedi: Survivor™,1,0,0,2285.8999999999996,7.734952467662338,Action,2.7761806981519506,8.39,0,5.0
1774580,STAR WARS Jedi: Survivor™,2,0,0,1953.316251523282,7.577795667778604,Action,2.7761806981519506,8.39,0,5.0
1774580,STAR WARS Jedi: Survivor™,3,1,0,1989.7425631431088,7.59626299542449,Action,2.7761806981519506,8.39,0,5.0
1774580,STAR WARS Jedi: Survivor™,4,1,0,1762.5749999999998,7.475098277833297,Action,2.7761806981519506,8.39,0,5.0
1449850,Yu-Gi-Oh! Master Duel,1,0,0,18649.644999999997,9.833636008924335,Strategy,4.046543463381246,20.0,0,5.0
1449850,Yu-Gi-Oh! Master Duel,2,0,0,23662.49634593146,10.07168890116811,Strategy,4.046543463381246,20.0,0,5.0
1449850,Yu-Gi-Oh! Master Duel,3,1,0,23945.19226588282,10.08356460338858,Strategy,4.046543463381246,20.0,0,5.0
1449850,Yu-Gi-Oh! Master Duel,4,1,0,21900.065,9.994290544759172,Strategy,4.046543463381246,20.0,0,5.0
306130,The Elder Scrolls® Online,1,0,0,11139.639,9.318354872697963,Action,8.706365503080082,19.99,0,5.0
306130,The Elder Scrolls® Online,2,0,0,11263.998632201079,9.329455731446105,Action,8.706365503080082,19.99,0,5.0
306130,The Elder Scrolls® Online,3,1,0,10832.660922553605,9.290413318197478,Action,8.706365503080082,19.99,0,5.0
306130,The Elder Scrolls® Online,4,1,0,11079.685,9.312958781494999,Action,8.706365503080082,19.99,0,5.0
251570,7 Days to Die,1,0,0,26296.379999999997,10.177224593431614,Action,1.5304585900068446,43.99,0,5.0
251570,7 Days to Die,2,0,0,24931.956160185855,10.123945747914767,Action,1.5304585900068446,43.99,0,5.0
251570,7 Days to Die,3,1,0,26341.04965730762,10.178921787657345,Action,1.5304585900068446,43.99,0,5.0
251570,7 Days to Die,4,1,0,25056.835,10.128941832060377,Action,1.5304585900068446,43.99,0,5.0
284160,BeamNG.drive,1,0,0,16414.288,9.705968374710201,Simulation,10.688569472963723,22.5,0,5.0
284160,BeamNG.drive,2,0,0,15721.99899256326,9.662879823396196,Simulation,10.688569472963723,22.5,0,5.0
284160,BeamNG.drive,3,1,0,16161.869869164912,9.690471907221356,Simulation,10.688569472963723,22.5,0,5.0
284160,BeamNG.drive,4,1,0,16030.51,9.682311439545252,Simulation,10.688569472963723,22.5,0,5.0
518790,theHunter: Call of the Wild™,1,0,0,5296.902,8.57506617211469,Adventure,8.966461327857632,19.5,0,5.0
518790,theHunter: Call of the Wild™,2,0,0,4392.553993638339,8.387893744296672,Adventure,8.966461327857632,19.5,0,5.0
518790,theHunter: Call of the Wild™,3,1,0,4298.829000539798,8.366330533574587,Adventure,8.966461327857632,19.5,0,5.0
518790,theHunter: Call of the Wild™,4,1,0,3966.64,8.285926738482477,Adventure,8.966461327857632,19.5,0,5.0
427520,Factorio,1,0,0,22130.053,10.004737014380325,Strategy,5.475701574264202,32.0,0,5.0
427520,Factorio,2,0,0,18011.55204965419,9.798824129944363,Strategy,5.475701574264202,32.0,0,5.0
427520,Factorio,3,1,0,17644.379248485548,9.778229229133455,Strategy,5.475701574264202,32.0,0,5.0
427520,Factorio,4,1,0,17730.255,9.783084180545137,Strategy,5.475701574264202,32.0,0,5.0
304390,FOR HONOR™,1,0,0,2707.334,7.904088964683645,Action,8.974674880219029,29.99,0,5.0
304390,FOR HONOR™,2,0,0,2795.4580744294535,7.936108921991009,Action,8.974674880219029,29.99,0,5.0
304390,FOR HONOR™,3,1,0,2832.166111176312,7.949150132483743,Action,8.974674880219029,29.99,0,5.0
304390,FOR HONOR™,4,1,0,3056.925,8.025491860354366,Action,8.974674880219029,29.99,0,5.0
526870,Satisfactory,1,0,0,17895.871,9.79238117207949,Adventure,1.4017796030116358,248.0,0,5.0
526870,Satisfactory,2,0,0,13785.099509986825,9.53141608161096,Adventure,1.4017796030116358,248.0,0,5.0
526870,Satisfactory,3,1,0,13791.40213660172,9.531873149714613,Adventure,1.4017796030116358,248.0,0,5.0
526870,Satisfactory,4,1,0,15254.6,9.632701927744078,Adventure,1.4017796030116358,248.0,0,5.0
2668510,Red Dead Redemption,1,0,0,1038.5749999999998,6.946567254767526,Action,1.267624914442163,24.99,0,5.0
2668510,Red Dead Redemption,2,0,0,789.0912365091084,6.672148428044733,Action,1.267624914442163,24.99,0,5.0
2668510,Red Dead Redemption,3,1,0,796.4300474675725,6.68139411603763,Action,1.267624914442163,24.99,0,5.0
2668510,Red Dead Redemption,4,1,0,687.29,6.53421026075018,Action,1.267624914442163,24.99,0,5.0
1812450,Bellwright,1,0,0,2136.138,7.6672228297433,Action,1.78507871321013,28.99,0,5.0
1812450,Bellwright,2,0,0,1423.0513241925112,7.261261133592436,Action,1.78507871321013,28.99,0,5.0
1812450,Bellwright,3,1,0,1553.1961904762934,7.34871377165664,Action,1.78507871321013,28.99,0,5.0
1812450,Bellwright,4,1,0,1424.0149999999999,7.261937618963139,Action,1.78507871321013,28.99,0,5.0
2141910,Magic: The Gathering Arena,1,0,0,5602.558999999999,8.63115721057023,Strategy,2.704996577686516,20.0,0,5.0
2141910,Magic: The Gathering Arena,2,0,0,5902.168389163752,8.683244500865298,Strategy,2.704996577686516,20.0,0,5.0
2141910,Magic: The Gathering Arena,3,1,0,5938.38141107793,8.689360267384622,Strategy,2.704996577686516,20.0,0,5.0
2141910,Magic: The Gathering Arena,4,1,0,5999.82,8.699651405538821,Strategy,2.704996577686516,20.0,0,5.0
270880,American Truck Simulator,1,0,0,7364.922999999999,8.904619643515673,Simulation,10.00684462696783,19.99,0,5.0
270880,American Truck Simulator,2,0,0,6651.866138696645,8.802803039097059,Simulation,10.00684462696783,19.99,0,5.0
270880,American Truck Simulator,3,1,0,6825.544037703728,8.828573827097001,Simulation,10.00684462696783,19.99,0,5.0
270880,American Truck Simulator,4,1,0,7021.265,8.856841094552326,Simulation,10.00684462696783,19.99,0,5.0
648800,Raft,1,0,0,8855.905999999999,9.088952772678859,Adventure,3.6276522929500343,19.99,0,5.0
648800,Raft,2,0,0,7506.070442925149,8.92360058116094,Adventure,3.6276522929500343,19.99,0,5.0
648800,Raft,3,1,0,7898.736346953508,8.974584664094841,Adventure,3.6276522929500343,19.99,0,5.0
648800,Raft,4,1,0,8122.69,9.00253976342963,Adventure,3.6276522929500343,19.99,0,5.0
1623730,Palworld,1,0,0,83824.74799999999,11.336495494646838,Action,2.0479123887748116,187.0,0,5.0
1623730,Palworld,2,0,0,54089.43590553266,10.89841266372619,Action,2.0479123887748116,187.0,0,5.0
1623730,Palworld,3,1,0,53019.30778945103,10.878430284983674,Action,2.0479123887748116,187.0,0,5.0
1623730,Palworld,4,1,0,42750.295,10.663154766303762,Action,2.0479123887748116,187.0,0,5.0
22380,Fallout: New Vegas,1,0,0,3466.7419999999997,8.15125894066936,Action,15.290896646132786,9.99,0,5.0
22380,Fallout: New Vegas,2,0,0,3525.3077621758307,8.168006642806173,Action,15.290896646132786,9.99,0,5.0
22380,Fallout: New Vegas,3,1,0,3452.10757192856,8.147029850084168,Action,15.290896646132786,9.99,0,5.0
22380,Fallout: New Vegas,4,1,0,3642.035,8.200572404428787,Action,15.290896646132786,9.99,0,5.0
286160,Tabletop Simulator,1,0,0,5642.857999999999,8.638323153194825,RPG,10.669404517453799,9.75,0,5.0
286160,Tabletop Simulator,2,0,0,5448.187858070616,8.603221859685396,RPG,10.669404517453799,9.75,0,5.0
286160,Tabletop Simulator,3,1,0,5407.104629800266,8.595653964762025,RPG,10.669404517453799,9.75,0,5.0
286160,Tabletop Simulator,4,1,0,5514.9400000000005,8.615397361406608,RPG,10.669404517453799,9.75,0,5.0
440,Team Fortress 2,1,0,0,46245.141,10.741733301621604,Action,18.321697467488022,20.0,0,5.0
440,Team Fortress 2,2,0,0,43184.716681959006,10.673265087199212,Action,18.321697467488022,20.0,0,5.0
440,Team Fortress 2,3,1,0,42422.795429612575,10.655464696761511,Action,18.321697467488022,20.0,0,5.0
440,Team Fortress 2,4,1,0,43010.875,10.669231519340473,Action,18.321697467488022,20.0,0,5.0
962130,Grounded,1,0,0,3932.044,8.277168959757994,Action,3.356605065023956,19.99,0,5.0
962130,Grounded,2,0,0,2894.2415669957577,7.970823829356941,Action,3.356605065023956,19.99,0,5.0
962130,Grounded,3,1,0,2952.0681314790677,7.990599953431398,Action,3.356605065023956,19.99,0,5.0
962130,Grounded,4,1,0,3439.1499999999996,8.143270354067951,Action,3.356605065023956,19.99,0,5.0
346110,ARK: Survival Evolved,1,0,0,26518.435999999998,10.185633177105327,Action,8.44079397672827,14.79,0,5.0
346110,ARK: Survival Evolved,2,0,0,24789.864204044847,10.11823048541575,Action,8.44079397672827,14.79,0,5.0
346110,ARK: Survival Evolved,3,1,0,26132.73760828955,10.170982387255693,Action,8.44079397672827,14.79,0,5.0
346110,ARK: Survival Evolved,4,1,0,25023.635000000002,10.127616018662469,Action,8.44079397672827,14.79,0,5.0
813780,Age of Empires II: Definitive Edition,1,0,0,17662.724,9.77926832395475,Strategy,6.225872689938399,32.99,0,5.0
813780,Age of Empires II: Definitive Edition,2,0,0,16929.32389859255,9.736861606579883,Strategy,6.225872689938399,32.99,0,5.0
813780,Age of Empires II: Definitive Edition,3,1,0,17482.81594677723,9.76903092897614,Strategy,6.225872689938399,32.99,0,5.0
813780,Age of Empires II: Definitive Edition,4,1,0,17121.254999999997,9.748134358311493,Strategy,6.225872689938399,32.99,0,5.0
1462040,FINAL FANTASY VII REMAKE INTERGRADE,1,0,0,3817.1600000000003,8.247523910165095,Action,3.6358658453114305,19.99,0,5.0
1462040,FINAL FANTASY VII REMAKE INTERGRADE,2,0,0,2871.0328930220817,7.962775383104647,Action,3.6358658453114305,19.99,0,5.0
1462040,FINAL FANTASY VII REMAKE INTERGRADE,3,1,0,2988.2536036396054,8.002779004331991,Action,3.6358658453114305,19.99,0,5.0
1462040,FINAL FANTASY VII REMAKE INTERGRADE,4,1,0,2214.46,7.703215335861347,Action,3.6358658453114305,19.99,0,5.0
281990,Stellaris,1,0,0,16529.541,9.712964918652164,Strategy,9.741273100616016,39.99,0,5.0
281990,Stellaris,2,0,0,13923.38107655925,9.541396616881963,Strategy,9.741273100616016,39.99,0,5.0
281990,Stellaris,3,1,0,13619.671232779901,9.519343861365787,Strategy,9.741273100616016,39.99,0,5.0
281990,Stellaris,4,1,0,13283.645,9.49436413597011,Strategy,9.741273100616016,39.99,0,5.0
413150,Stardew Valley,1,0,0,68780.607,11.138691648063418,RPG,9.94113620807666,13.99,0,5.0
413150,Stardew Valley,2,0,0,58096.16459643509,10.969872139522378,RPG,9.94113620807666,13.99,0,5.0
413150,Stardew Valley,3,1,0,60149.92488795672,11.004612097642992,RPG,9.94113620807666,13.99,0,5.0
413150,Stardew Valley,4,1,0,60623.13,11.01244827762135,RPG,9.94113620807666,13.99,0,5.0
431960,Wallpaper Engine,1,0,0,84636.26199999999,11.346129897797628,Other,7.219712525667351,35.0,0,5.0
431960,Wallpaper Engine,2,0,0,81896.9071757255,11.313228716104721,Other,7.219712525667351,35.0,0,5.0
431960,Wallpaper Engine,3,1,0,82121.84234489464,11.315971482624663,Other,7.219712525667351,35.0,0,5.0
431960,Wallpaper Engine,4,1,0,81450.195,11.30775928550022,Other,7.219712525667351,35.0,0,5.0
594650,Hunt: Showdown 1896,1,0,0,14280.41,9.56671397051495,Action,6.442162902121835,29.99,0,5.0
594650,Hunt: Showdown 1896,2,0,0,12233.4130104146,9.412007998462254,Action,6.442162902121835,29.99,0,5.0
594650,Hunt: Showdown 1896,3,1,0,11980.653372081257,9.391131873171942,Action,6.442162902121835,29.99,0,5.0
594650,Hunt: Showdown 1896,4,1,0,12145.26,9.404776582452682,Action,6.442162902121835,29.99,0,5.0
294100,RimWorld,1,0,0,23647.74,10.07106511554521,Strategy,7.301848049281314,218.0,0,5.0
294100,RimWorld,2,0,0,24836.994755909374,10.120129806376196,Strategy,7.301848049281314,218.0,0,5.0
294100,RimWorld,3,1,0,24714.4808844501,10.11518508274174,Strategy,7.301848049281314,218.0,0,5.0
294100,RimWorld,4,1,0,23539.62,10.066482718615259,Strategy,7.301848049281314,218.0,0,5.0
546560,Half-Life: Alyx,1,0,0,464.669,6.143475081313593,Action,5.8699520876112254,17.69,0,5.0
546560,Half-Life: Alyx,2,0,0,321.8192356827947,5.777092524715774,Action,5.8699520876112254,17.69,0,5.0
546560,Half-Life: Alyx,3,1,0,320.06542830927054,5.771644928868846,Action,5.8699520876112254,17.69,0,5.0
546560,Half-Life: Alyx,4,1,0,389.93,5.968528515824924,Action,5.8699520876112254,17.69,0,5.0
1129580,Medieval Dynasty,1,0,0,4085.8869999999997,8.31553883454001,Action,4.3668720054757015,14.99,0,5.0
1129580,Medieval Dynasty,2,0,0,4061.266307751843,8.30949630073771,Action,4.3668720054757015,14.99,0,5.0
1129580,Medieval Dynasty,3,1,0,4005.5862491760518,8.295694848298547,Action,4.3668720054757015,14.99,0,5.0
1129580,Medieval Dynasty,4,1,0,3344.0550000000003,8.115238414878574,Action,4.3668720054757015,14.99,0,5.0
261550,Mount & Blade II: Bannerlord,1,0,0,21253.290999999997,9.964314083379328,Action,3.2799452429842573,359.0,0,5.0
261550,Mount & Blade II: Bannerlord,2,0,0,18415.570298109968,9.821006098016387,Action,3.2799452429842573,359.0,0,5.0
261550,Mount & Blade II: Bannerlord,3,1,0,17510.608109306508,9.77061926054358,Action,3.2799452429842573,359.0,0,5.0
261550,Mount & Blade II: Bannerlord,4,1,0,17479.255,9.768827237203809,Action,3.2799452429842573,359.0,0,5.0
892970,Valheim,1,0,0,24428.902,10.103563152782423,Action,5.004791238877481,9.99,0,5.0
892970,Valheim,2,0,0,23568.01194187643,10.067688074893523,Action,5.004791238877481,9.99,0,5.0
892970,Valheim,3,1,0,24234.85118413403,10.095588269764383,Action,5.004791238877481,9.99,0,5.0
892970,Valheim,4,1,0,23881.3,10.080892877776428,Action,5.004791238877481,9.99,0,5.0
