appid,name,week,post,treated,players,ln_players
730,Counter-Strike 2,1,0,1,794861.8992123583,13.585924924943665
730,Counter-Strike 2,2,0,1,871282.2276444985,13.677722378228633
730,Counter-Strike 2,3,1,1,836904.3872052521,13.637466305095781
730,Counter-Strike 2,4,1,1,970267.8199468832,13.785328446050901
582660,Black Desert,1,0,1,20335.77773565932,9.920186236977019
582660,Black Desert,2,0,1,16003.80840079699,9.680644481123123
582660,Black Desert,3,1,1,19237.289403810944,9.864657811941283
582660,Black Desert,4,1,1,15668.574263850041,9.659476166113727
2399830,ARK: Survival Ascended,1,0,1,20267.720851118087,9.916834131935227
2399830,ARK: Survival Ascended,2,0,1,14666.61738552824,9.593397443872012
2399830,ARK: Survival Ascended,3,1,1,16477.99340283323,9.70984172167284
2399830,ARK: Survival Ascended,4,1,1,18181.96142210235,9.80824024897068
1222670,The Sims™ 4,1,0,1,17660.50031409939,9.779142426047704
1222670,The Sims™ 4,2,0,1,15799.941949016264,9.66782483426438
1222670,The Sims™ 4,3,1,1,18305.869362402493,9.815031643388616
1222670,The Sims™ 4,4,1,1,17516.284773956286,9.770943373824487
377160,Fallout 4,1,0,1,21967.5277138126,9.997366149651706
377160,Fallout 4,2,0,1,19943.16170468878,9.900691733107186
377160,Fallout 4,3,1,1,16905.974520564963,9.735481509301168
377160,Fallout 4,4,1,1,20995.799045408552,9.952125278678357
359550,Tom Clancy's Rainbow Six® Siege X,1,0,1,23616.81445865685,10.06975655620086
359550,Tom Clancy's Rainbow Six® Siege X,2,0,1,28278.338837510964,10.24988674058272
359550,Tom Clancy's Rainbow Six® Siege X,3,1,1,22459.814475146362,10.01952749099853
359550,Tom Clancy's Rainbow Six® Siege X,4,1,1,20343.301900316925,9.92055614676362
2300320,Farming Simulator 25,1,0,1,15272.45769482296,9.6338718096997
2300320,Farming Simulator 25,2,0,1,15180.541266748056,9.627835578519374
2300320,Farming Simulator 25,3,1,1,16901.018192466378,9.73518831345377
2300320,Farming Simulator 25,4,1,1,14335.267213743826,9.570547774392551
570,Dota 2,1,0,1,419744.65448335034,12.947404222255704
570,Dota 2,2,0,1,496454.1156209375,13.115248356811787
570,Dota 2,3,1,1,475142.04712265206,13.071371189516828
570,Dota 2,4,1,1,451101.7072078819,13.019450324726034
3164500,Schedule I,1,0,1,5858.633272778953,8.67584229917572
3164500,Schedule I,2,0,1,6749.244729782213,8.817334039473364
3164500,Schedule I,3,1,1,7112.325233631807,8.869725097522291
3164500,Schedule I,4,1,1,5983.911462394757,8.696996824631984
2426960,Summoners War,1,0,1,5296.296144275915,8.574951807906206
2426960,Summoners War,2,0,1,6322.114520817714,8.75196716967978
2426960,Summoners War,3,1,1,6160.760174391397,8.72611775830693
2426960,Summoners War,4,1,1,7293.66843141896,8.894899008439214
1407200,World of Tanks,1,0,1,5584.5297489027125,8.627934559091557
1407200,World of Tanks,2,0,1,6993.358690563884,8.852859201776365
1407200,World of Tanks,3,1,1,5427.793669444357,8.599472227923398
1407200,World of Tanks,4,1,1,5622.369793146927,8.63468637051661
1465360,SnowRunner,1,0,1,4213.820459056935,8.346362273812703
1465360,SnowRunner,2,0,1,3472.372860597022,8.152881406784768
1465360,SnowRunner,3,1,1,3678.950894915591,8.21065468730101
1465360,SnowRunner,4,1,1,3909.119440586831,8.271323199977509
1158310,Crusader Kings III,1,0,1,13794.815463189978,9.532120597857528
1158310,Crusader Kings III,2,0,1,14400.64852949549,9.575097960226582
1158310,Crusader Kings III,3,1,1,11067.99973269364,9.311903663236526
1158310,Crusader Kings III,4,1,1,13791.830532368655,9.531904209504619
1599340,Lost Ark,1,0,1,5359.688893559438,8.586847770724034
1599340,Lost Ark,2,0,1,5334.152594629131,8.582072765881472
1599340,Lost Ark,3,1,1,5120.085961324129,8.541121797364262
1599340,Lost Ark,4,1,1,5856.416289224656,8.675463879067651
2186680,"Warhammer 40,000: Rogue Trader",1,0,1,2871.699653736003,7.9630075125245945
2186680,"Warhammer 40,000: Rogue Trader",2,0,1,3550.480127222159,8.175119732820958
2186680,"Warhammer 40,000: Rogue Trader",3,1,1,3555.053804498206,8.176406727143121
2186680,"Warhammer 40,000: Rogue Trader",4,1,1,3302.787983015519,8.102824962792408
548430,Deep Rock Galactic,1,0,1,15858.422351960777,9.671519072833295
548430,Deep Rock Galactic,2,0,1,13091.693225774707,9.479809584553403
548430,Deep Rock Galactic,3,1,1,13208.08620674142,9.488660220766517
548430,Deep Rock Galactic,4,1,1,11430.138580558596,9.344096365174986
39210,FINAL FANTASY XIV Online,1,0,1,9281.889970609018,9.135928196545999
39210,FINAL FANTASY XIV Online,2,0,1,12633.725928346748,9.444204328122588
39210,FINAL FANTASY XIV Online,3,1,1,10730.70301470809,9.280957538287854
39210,FINAL FANTASY XIV Online,4,1,1,12727.01665525606,9.451560878569254
2344520,Diablo® IV,1,0,1,6636.294115435591,8.800459646678997
2344520,Diablo® IV,2,0,1,6571.624973308322,8.790668571000412
2344520,Diablo® IV,3,1,1,6024.087768260852,8.703687325598953
2344520,Diablo® IV,4,1,1,5279.459712658638,8.571768439701623
1284210,Guild Wars 2®,1,0,1,3532.5805181845576,8.170066946961866
1284210,Guild Wars 2®,2,0,1,2762.444600362071,7.9242332241616
1284210,Guild Wars 2®,3,1,1,3348.344992178426,8.116520080978804
1284210,Guild Wars 2®,4,1,1,3389.619394712743,8.128767895989279
739630,Phasmophobia,1,0,1,5558.780516819159,8.623313911073216
739630,Phasmophobia,2,0,1,6153.5436003670075,8.724945884832188
739630,Phasmophobia,3,1,1,6571.22624650943,8.790607904387706
739630,Phasmophobia,4,1,1,5132.179718806064,8.543480574377941
2073850,THE FINALS,1,0,1,7270.756748692412,8.891753184898004
2073850,THE FINALS,2,0,1,7695.575951516579,8.94853082732036
2073850,THE FINALS,3,1,1,5933.677149563896,8.688567907849567
2073850,THE FINALS,4,1,1,7983.728259377298,8.985286028683344
1149460,ICARUS,1,0,1,5725.021832100648,8.652776298452162
1149460,ICARUS,2,0,1,4064.6898052881243,8.310338701383364
1149460,ICARUS,3,1,1,5280.49077521923,8.571963680640321
1149460,ICARUS,4,1,1,5909.6370992680195,8.684508904804673
394360,Hearts of Iron IV,1,0,1,32762.343473332792,10.39706559238482
394360,Hearts of Iron IV,2,0,1,28060.889546271952,10.242167690885756
394360,Hearts of Iron IV,3,1,1,32544.849297111145,10.390405121751753
394360,Hearts of Iron IV,4,1,1,34592.558220050414,10.451422765101167
2183900,"Warhammer 40,000: Space Marine 2",1,0,1,6577.971476880717,8.791633701597153
2183900,"Warhammer 40,000: Space Marine 2",2,0,1,6593.14861799892,8.79393796174574
2183900,"Warhammer 40,000: Space Marine 2",3,1,1,8741.601934266186,9.075963128493942
2183900,"Warhammer 40,000: Space Marine 2",4,1,1,8951.655678044002,9.099705491058899
1771300,Kingdom Come: Deliverance II,1,0,1,19286.79807682264,9.867227950956282
1771300,Kingdom Come: Deliverance II,2,0,1,21224.894038908074,9.96297713226691
1771300,Kingdom Come: Deliverance II,3,1,1,15817.071640952643,9.668908340146906
1771300,Kingdom Come: Deliverance II,4,1,1,20290.224850621198,9.917943798204398
1401590,Disney Dreamlight Valley,1,0,1,1759.4313344425505,7.473314134393698
1401590,Disney Dreamlight Valley,2,0,1,1518.500427473524,7.326136893681931
1401590,Disney Dreamlight Valley,3,1,1,1753.6602575017178,7.470030531690774
1401590,Disney Dreamlight Valley,4,1,1,1341.3949868993334,7.202210601274602
1286830,STAR WARS™: The Old Republic™,1,0,1,2547.8386423549414,7.843393100040128
1286830,STAR WARS™: The Old Republic™,2,0,1,2059.9437568278413,7.630919291254559
1286830,STAR WARS™: The Old Republic™,3,1,1,2137.0153811718587,7.667633285746137
1286830,STAR WARS™: The Old Republic™,4,1,1,2668.2181547769887,7.889540882586191
1142710,Total War: WARHAMMER III,1,0,1,18272.586401424607,9.813211930130965
1142710,Total War: WARHAMMER III,2,0,1,14557.332118002781,9.585918762854083
1142710,Total War: WARHAMMER III,3,1,1,18381.788824984396,9.819170115900402
1142710,Total War: WARHAMMER III,4,1,1,17892.788765815818,9.792208935288553
1401590,Disney Dreamlight Valley,1,0,1,1481.6485566199424,7.30158533267778
1401590,Disney Dreamlight Valley,2,0,1,1585.3329459065899,7.369180308225143
1401590,Disney Dreamlight Valley,3,1,1,1321.908221592383,7.187587790274318
1401590,Disney Dreamlight Valley,4,1,1,1864.5483010945286,7.531310284094737
266410,iRacing,1,0,1,413.31945686979424,6.02663731121932
266410,iRacing,2,0,1,311.640179372362,5.745052942588779
266410,iRacing,3,1,1,400.5367169956899,5.99529897875896
266410,iRacing,4,1,1,443.25854566955496,6.096406703022072
2205850,"Dwarves: Glory, Death and Loot",1,0,1,2310.1955100476066,7.745520206456995
2205850,"Dwarves: Glory, Death and Loot",2,0,1,1915.2525165691693,7.558126743463267
2205850,"Dwarves: Glory, Death and Loot",3,1,1,2283.0504941874974,7.7337056783193985
2205850,"Dwarves: Glory, Death and Loot",4,1,1,2503.177953252621,7.825715797287708
2429640,Throne and Liberty,1,0,1,4093.9747537554063,8.31751583112907
2429640,Throne and Liberty,2,0,1,3782.707210240816,8.238459551448942
2429640,Throne and Liberty,3,1,1,4072.313494425714,8.31221207361003
2429640,Throne and Liberty,4,1,1,3319.3100669479304,8.107813451208633
690830,Foundation,1,0,1,1249.828612894462,7.131561500997179
690830,Foundation,2,0,1,1238.998697082974,7.122865607858993
690830,Foundation,3,1,1,1307.4696670738922,7.176613540252437
690830,Foundation,4,1,1,1289.4514908113692,7.162747428999528
2399420,Le Mans Ultimate,1,0,1,2107.033366356728,7.653510737978455
2399420,Le Mans Ultimate,2,0,1,1975.4215294267005,7.5890431801660085
2399420,Le Mans Ultimate,3,1,1,1900.2849589847829,7.550285230773179
2399420,Le Mans Ultimate,4,1,1,2162.2135860196613,7.6793501663483665
3159330,Assassin’s Creed Shadows,1,0,1,2627.77054909977,7.87427154404761
3159330,Assassin’s Creed Shadows,2,0,1,3088.1837644882853,8.035662181109721
3159330,Assassin’s Creed Shadows,3,1,1,2209.476362095314,7.700963319743985
3159330,Assassin’s Creed Shadows,4,1,1,2949.352629420399,7.989679977586825
1144200,Ready or Not,1,0,1,3269.5150779962446,8.092702767693726
1144200,Ready or Not,2,0,1,3173.8898592957758,8.063028220739499
1144200,Ready or Not,3,1,1,3238.15959445998,8.083069190714484
1144200,Ready or Not,4,1,1,3192.373608538927,8.068833194494589
1145350,Hades II,1,0,1,5173.618793155688,8.551520952261985
1145350,Hades II,2,0,1,4835.5734719670245,8.483961788651024
1145350,Hades II,3,1,1,4024.8554565303352,8.300492703054068
1145350,Hades II,4,1,1,5284.961400592427,8.572809792941666
1172620,Sea of Thieves: 2025 Edition,1,0,1,2081.5504477716354,7.641348598367819
1172620,Sea of Thieves: 2025 Edition,2,0,1,2097.065780476643,7.648771142362071
1172620,Sea of Thieves: 2025 Edition,3,1,1,2394.368940166091,7.781292543979517
1172620,Sea of Thieves: 2025 Edition,4,1,1,2008.2903751965127,7.605536891551385
1527950,Wartales,1,0,1,1161.8069044727506,7.058592106466155
1527950,Wartales,2,0,1,1257.9719737536618,7.138050773076686
1527950,Wartales,3,1,1,1269.1091179827,7.146858095433171
1527950,Wartales,4,1,1,1217.0766131815576,7.105028347097546
1934680,Age of Mythology: Retold,1,0,1,1420.2937848070865,7.25932285184234
1934680,Age of Mythology: Retold,2,0,1,1705.6324315419652,7.442277369520867
1934680,Age of Mythology: Retold,3,1,1,1338.3042957405373,7.1999055758399875
1934680,Age of Mythology: Retold,4,1,1,1806.2870967899007,7.499582158320671
2406770,Bodycam,1,0,1,438.97210934383224,6.0867113370482855
2406770,Bodycam,2,0,1,338.9152792655179,5.8286964079292245
2406770,Bodycam,3,1,1,359.5085472322684,5.8875156658261005
2406770,Bodycam,4,1,1,442.63732103301396,6.095007384112714
400750,Call to Arms - Gates of Hell: Ostfront,1,0,1,2956.0741637633773,7.9919556002831
400750,Call to Arms - Gates of Hell: Ostfront,2,0,1,2867.9122779720965,7.961688239693802
400750,Call to Arms - Gates of Hell: Ostfront,3,1,1,3144.2318836216864,8.053642897297852
400750,Call to Arms - Gates of Hell: Ostfront,4,1,1,3400.6419374629204,8.132013516817786
2221490,Tom Clancy’s The Division® 2,1,0,1,2403.163378076352,7.784957254276121
2221490,Tom Clancy’s The Division® 2,2,0,1,2533.0246982221715,7.837564107566881
2221490,Tom Clancy’s The Division® 2,3,1,1,3341.8639457890513,8.11458318735351
2221490,Tom Clancy’s The Division® 2,4,1,1,2662.6426586949515,7.887449885536571
699130,World War Z,1,0,1,1905.7072110843408,7.55313306003437
699130,World War Z,2,0,1,2261.578977489347,7.724260582142452
699130,World War Z,3,1,1,2014.3353957722545,7.608540910044367
699130,World War Z,4,1,1,1742.0975264396218,7.463418997161596
1466860,Age of Empires IV: Anniversary Edition,1,0,1,7584.564506947782,8.934002313132977
1466860,Age of Empires IV: Anniversary Edition,2,0,1,7645.869785559844,8.942051664726083
1466860,Age of Empires IV: Anniversary Edition,3,1,1,6794.025131795342,8.823946025150198
1466860,Age of Empires IV: Anniversary Edition,4,1,1,5872.962164941874,8.67828467063157
108600,Project Zomboid,1,0,1,21523.015330534236,9.976924582862088
108600,Project Zomboid,2,0,1,20766.645976755233,9.941151572784717
108600,Project Zomboid,3,1,1,19737.49240533592,9.890325937494238
108600,Project Zomboid,4,1,1,21008.01310730789,9.95270682021357
1284190,The Planet Crafter,1,0,1,3170.253964076047,8.061882360916982
1284190,The Planet Crafter,2,0,1,2889.9767873896812,7.969349712717311
1284190,The Planet Crafter,3,1,1,2455.1047615601847,7.8063319437157
1284190,The Planet Crafter,4,1,1,2480.266470733312,7.816524382492386
275850,No Man's Sky,1,0,1,4768.350068837192,8.469965320686441
275850,No Man's Sky,2,0,1,5881.710727300376,8.679772942705393
275850,No Man's Sky,3,1,1,5316.342664722486,8.578728958432137
275850,No Man's Sky,4,1,1,5105.799699811259,8.538328205164033
960090,Bloons TD 6,1,0,1,5008.566718048935,8.519104706915638
960090,Bloons TD 6,2,0,1,6650.909076572671,8.802659171634415
960090,Bloons TD 6,3,1,1,5497.4406401498345,8.61221981104842
960090,Bloons TD 6,4,1,1,4992.859660048285,8.51596436873246
291550,Brawlhalla,1,0,1,5145.019918144572,8.545978863441384
291550,Brawlhalla,2,0,1,5118.615106768012,8.54083454074844
291550,Brawlhalla,3,1,1,5186.173659294536,8.55394425350844
291550,Brawlhalla,4,1,1,5656.849499292211,8.640799151877514
1643320,S.T.A.L.K.E.R. 2: Heart of Chornobyl,1,0,1,3566.9066202806857,8.179734321911425
1643320,S.T.A.L.K.E.R. 2: Heart of Chornobyl,2,0,1,3162.526973442842,8.059442815006364
1643320,S.T.A.L.K.E.R. 2: Heart of Chornobyl,3,1,1,3443.9875764647713,8.144675577190101
1643320,S.T.A.L.K.E.R. 2: Heart of Chornobyl,4,1,1,3775.3261649210713,8.236506901956885
2169200,Sniper Elite: Resistance,1,0,1,508.27437065444997,6.232986909935247
2169200,Sniper Elite: Resistance,2,0,1,656.3316600158286,6.488188700876366
2169200,Sniper Elite: Resistance,3,1,1,619.3988237113186,6.430362535284014
2169200,Sniper Elite: Resistance,4,1,1,538.9746363172732,6.291522168672378
2456740,inZOI,1,0,1,997.0442467748481,6.905797610774417
2456740,inZOI,2,0,1,860.869662578949,6.759104055726591
2456740,inZOI,3,1,1,1232.8573025144387,7.117900559621869
2456740,inZOI,4,1,1,1093.8457715637976,6.998368784443663
1288320,Way of the Hunter,1,0,1,1617.623981072637,7.389331672886999
1288320,Way of the Hunter,2,0,1,1432.2685393673657,7.267712806899228
1288320,Way of the Hunter,3,1,1,1373.1931578465658,7.225622043576114
1288320,Way of the Hunter,4,1,1,1359.6820165027934,7.215741335752302
1190970,House Flipper 2,1,0,1,1277.9358590491622,7.153783651024344
1190970,House Flipper 2,2,0,1,1229.891443475343,7.115493936654396
1190970,House Flipper 2,3,1,1,1566.9814054604121,7.357544342077545
1190970,House Flipper 2,4,1,1,1219.0493884105394,7.106646619211637
1627720,Lies of P,1,0,1,1127.7279438070357,7.02884656416999
1627720,Lies of P,2,0,1,1093.0668002468183,6.997657041672485
1627720,Lies of P,3,1,1,1145.4848188013787,7.0444558608682755
1627720,Lies of P,4,1,1,1430.4130215835535,7.2664173623593555
1938090,Call of Duty®,1,0,1,20608.24387291612,9.933494985822671
1938090,Call of Duty®,2,0,1,19093.835297554888,9.857173174199788
1938090,Call of Duty®,3,1,1,19036.429667929937,9.854162302800267
1938090,Call of Duty®,4,1,1,19358.20874915572,9.870923489600502
780310,The Riftbreaker,1,0,1,746.0011304852167,6.616066698498763
780310,The Riftbreaker,2,0,1,837.4609308778544,6.731567986114345
780310,The Riftbreaker,3,1,1,811.8934689626689,6.70060006647578
780310,The Riftbreaker,4,1,1,982.8999177288865,6.891524182254363
376210,The Isle,1,0,1,5640.282332581958,8.637866682581814
376210,The Isle,2,0,1,5109.7615445081665,8.53910370233028
376210,The Isle,3,1,1,6266.992622259741,8.743211426426678
376210,The Isle,4,1,1,6388.855453982839,8.762466926455767
221100,DayZ,1,0,1,22191.848556915746,10.00752537888721
221100,DayZ,2,0,1,24393.783218689536,10.102124585909554
221100,DayZ,3,1,1,20804.863142931925,9.942990107839906
221100,DayZ,4,1,1,28229.17562326044,10.248146742385124
1562430,DREDGE,1,0,1,525.9284032117595,6.267064682028737
1562430,DREDGE,2,0,1,449.2090332465922,6.109711993234888
1562430,DREDGE,3,1,1,543.3683041700662,6.299626047499096
1562430,DREDGE,4,1,1,637.4544467989821,6.459050328838184
1476970,IdleOn,1,0,1,7880.866131716839,8.972319973560584
1476970,IdleOn,2,0,1,8281.516461452324,9.021902121670093
1476970,IdleOn,3,1,1,8783.528963127525,9.080747380871507
1476970,IdleOn,4,1,1,8715.087049977014,9.072925683391531
2698940,The Crew Motorfest,1,0,1,946.9473725067595,6.854298986480674
2698940,The Crew Motorfest,2,0,1,895.0186424512274,6.797961219065655
2698940,The Crew Motorfest,3,1,1,855.5721040009182,6.75293849869362
2698940,The Crew Motorfest,4,1,1,1030.8639893422962,6.939122144083043
3059070,The Headliners,1,0,1,551.3277917518102,6.314141695669758
3059070,The Headliners,2,0,1,512.3644544689349,6.240986030490743
3059070,The Headliners,3,1,1,489.84021459959644,6.19611864631711
3059070,The Headliners,4,1,1,451.28744147032825,6.11431791016935
784150,Workers & Resources: Soviet Republic,1,0,1,2204.3712284829326,7.698651131299029
784150,Workers & Resources: Soviet Republic,2,0,1,1933.8616877799777,7.56779112372565
784150,Workers & Resources: Soviet Republic,3,1,1,2281.589542949644,7.733065841907588
784150,Workers & Resources: Soviet Republic,4,1,1,1831.2619411794135,7.513306516006398
3156770,Witchfire,1,0,1,359.9426381842725,5.88871904871094
3156770,Witchfire,2,0,1,381.7945921621725,5.947498532420946
3156770,Witchfire,3,1,1,278.79779948416814,5.634067197597767
3156770,Witchfire,4,1,1,315.0023242602966,5.7557495688139655
1898300,ASKA,1,0,1,1128.9400993639458,7.0299199008889
1898300,ASKA,2,0,1,1123.1714325690125,7.024801538902825
1898300,ASKA,3,1,1,903.3248747582264,6.807188670565096
1898300,ASKA,4,1,1,969.4640374453236,6.877774346224725
1455630,THE GAME OF LIFE 2,1,0,1,195.47751441011604,5.280547994278779
1455630,THE GAME OF LIFE 2,2,0,1,223.10220386018312,5.4121022150297575
1455630,THE GAME OF LIFE 2,3,1,1,160.4296588301085,5.0840694987441015
1455630,THE GAME OF LIFE 2,4,1,1,173.06702055872347,5.159440400678288
1649950,News Tower,1,0,1,335.9608527423918,5.8199667596356415
1649950,News Tower,2,0,1,364.2928423624,5.900699339747791
1649950,News Tower,3,1,1,392.420135645968,5.974878088290184
1649950,News Tower,4,1,1,340.52366809610027,5.83341698289361
2104890,RoadCraft,1,0,1,1074.0960488358944,6.98016528432481
2104890,RoadCraft,2,0,1,907.6920025182677,6.81200620564823
2104890,RoadCraft,3,1,1,973.2773470485971,6.8816960136720295
2104890,RoadCraft,4,1,1,1079.827819786936,6.985482526310036
1898300,ASKA,1,0,1,949.1334357400154,6.856602433404891
1898300,ASKA,2,0,1,1201.909243361544,7.092498271201565
1898300,ASKA,3,1,1,949.3919636309463,6.856874492797111
1898300,ASKA,4,1,1,1170.9788409392336,7.066448916167872
3156770,Witchfire,1,0,1,368.51734683569197,5.9121976860675955
3156770,Witchfire,2,0,1,298.56460028877257,5.702330088082495
3156770,Witchfire,3,1,1,387.06592446061984,5.961175233594135
3156770,Witchfire,4,1,1,291.34755530739244,5.677943352374958
1995520,Pax Dei,1,0,1,1207.131768617396,7.09683045252726
1995520,Pax Dei,2,0,1,1329.827049272932,7.193555869511048
1995520,Pax Dei,3,1,1,1425.506716776074,7.262983879213149
1995520,Pax Dei,4,1,1,1115.8921407647592,7.018305232871257
392160,X4: Foundations,1,0,1,2938.7898967645224,7.9860933940935395
392160,X4: Foundations,2,0,1,2996.515436503049,8.005539036680918
392160,X4: Foundations,3,1,1,2233.666544809701,7.7118472989635425
392160,X4: Foundations,4,1,1,2303.7090763306733,7.742709733291826
359320,Elite Dangerous,1,0,1,2282.4833907450025,7.733457359003244
359320,Elite Dangerous,2,0,1,3280.525964066509,8.096063826138002
359320,Elite Dangerous,3,1,1,3272.7103445120733,8.093679282579277
359320,Elite Dangerous,4,1,1,2768.1358779048605,7.926290593077473
1677280,Company of Heroes 3,1,0,1,2638.976324822262,7.878525228229795
1677280,Company of Heroes 3,2,0,1,2771.2830667483536,7.927426471527851
1677280,Company of Heroes 3,3,1,1,2056.297176387742,7.629148349994794
1677280,Company of Heroes 3,4,1,1,2072.4567636333654,7.636972427592189
2444750,Shape of Dreams,1,0,1,1356.2627863162656,7.213225293493638
2444750,Shape of Dreams,2,0,1,1858.7588100819496,7.528202086300155
2444750,Shape of Dreams,3,1,1,1341.1105424770906,7.201998685582722
2444750,Shape of Dreams,4,1,1,1632.154359256526,7.398268613461331
2437170,SMITE 2,1,0,1,2313.3918231716525,7.7469022206327205
2437170,SMITE 2,2,0,1,2447.004694923831,7.80302856149142
2437170,SMITE 2,3,1,1,2077.210655431916,7.639262540646243
2437170,SMITE 2,4,1,1,2479.324333572981,7.8161446102746375
1133870,Space Engineers 2,1,0,1,152.1579606156777,5.031469811135732
1133870,Space Engineers 2,2,0,1,174.03815267004552,5.165003965419045
1133870,Space Engineers 2,3,1,1,176.11763613031673,5.176814122723552
1133870,Space Engineers 2,4,1,1,155.8480658901029,5.055277603608176
9900,Star Trek Online,1,0,1,700.726975642578,6.5535444047893465
9900,Star Trek Online,2,0,1,655.6111125312891,6.487091929278966
9900,Star Trek Online,3,1,1,551.7034286017534,6.314821562188446
9900,Star Trek Online,4,1,1,506.6831836513224,6.229857598795609
2009350,Out of Ore,1,0,1,364.38533786569883,5.900952516881845
2009350,Out of Ore,2,0,1,296.45026367922503,5.695247030099231
2009350,Out of Ore,3,1,1,363.8221652645114,5.899410016399621
2009350,Out of Ore,4,1,1,314.2781247260589,5.753455184905531
1203220,NARAKA: BLADEPOINT,1,0,1,32936.33589231416,10.402362122874772
1203220,NARAKA: BLADEPOINT,2,0,1,33656.464684538376,10.423990143593043
1203220,NARAKA: BLADEPOINT,3,1,1,29210.887386482274,10.282331007689514
1203220,NARAKA: BLADEPOINT,4,1,1,37697.04337245705,10.537363472154427
2688950,Planet Coaster 2,1,0,1,605.1662213134938,6.407154241054502
2688950,Planet Coaster 2,2,0,1,684.6301256994183,6.5303383069533
2688950,Planet Coaster 2,3,1,1,502.91362954458384,6.222404883434638
2688950,Planet Coaster 2,4,1,1,647.6823436437892,6.47494314178753
1422130,SimRail - The Railway Simulator,1,0,1,376.19486562337073,5.932761938851631
1422130,SimRail - The Railway Simulator,2,0,1,431.6195984242602,6.069858816293651
1422130,SimRail - The Railway Simulator,3,1,1,438.56402483158377,6.085783383037812
1422130,SimRail - The Railway Simulator,4,1,1,356.09438406924846,5.878000127983457
211500,RaceRoom Racing Experience,1,0,1,339.00186950818954,5.8289511161485885
211500,RaceRoom Racing Experience,2,0,1,481.6711020981457,6.179335473665189
211500,RaceRoom Racing Experience,3,1,1,487.2660781498372,6.190860499373
211500,RaceRoom Racing Experience,4,1,1,470.41449545088227,6.155737739819003
1119730,"Ranch Simulator: Build, Hunt, Farm",1,0,1,806.7195252376874,6.694214876029643
1119730,"Ranch Simulator: Build, Hunt, Farm",2,0,1,661.2779350571244,6.495685309304255
1119730,"Ranch Simulator: Build, Hunt, Farm",3,1,1,839.3400832678002,6.733806670936341
1119730,"Ranch Simulator: Build, Hunt, Farm",4,1,1,768.9246645401798,6.646292671801748
2016590,Dark and Darker,1,0,1,8433.860692686634,9.040128479453841
2016590,Dark and Darker,2,0,1,7859.540233548194,8.969610615064903
2016590,Dark and Darker,3,1,1,6974.248147668815,8.850123182783442
2016590,Dark and Darker,4,1,1,9381.56556679016,9.146608519185149
1114150,CarX Street,1,0,1,452.2306794629457,6.116401222058896
1114150,CarX Street,2,0,1,533.3010804438551,6.280959501128732
1114150,CarX Street,3,1,1,512.3762531500727,6.241009013277051
1114150,CarX Street,4,1,1,443.45404502519796,6.096846663839199
1114150,CarX Street,1,0,1,560.1582079645691,6.330002876397203
1114150,CarX Street,2,0,1,428.30453287420096,6.062166533931355
1114150,CarX Street,3,1,1,492.661530535062,6.201850121497752
1114150,CarX Street,4,1,1,428.59695832042064,6.062847462909861
1611600,WARNO,1,0,1,635.9177991508353,6.456640603526052
1611600,WARNO,2,0,1,551.191037747022,6.313894069279271
1611600,WARNO,3,1,1,621.8726640566243,6.434342106334251
1611600,WARNO,4,1,1,513.9408395930027,6.244052019488453
2677660,Indiana Jones and the Great Circle,1,0,1,254.7175193458383,5.544073395186053
2677660,Indiana Jones and the Great Circle,2,0,1,187.74416635932587,5.240392480945954
2677660,Indiana Jones and the Great Circle,3,1,1,208.59580935565648,5.345180958714841
2677660,Indiana Jones and the Great Circle,4,1,1,206.4472917257651,5.334877291623835
1676840,For The King II,1,0,1,630.9873496993516,6.448869377648035
1676840,For The King II,2,0,1,629.7957472377665,6.446982113210999
1676840,For The King II,3,1,1,698.0459028731101,6.54971640942404
1676840,For The King II,4,1,1,645.2958456938514,6.47125736441878
427410,Abiotic Factor,1,0,1,1078.3594281030921,6.984123022024987
427410,Abiotic Factor,2,0,1,1411.1603750591503,7.25287599167368
427410,Abiotic Factor,3,1,1,1386.422768594974,7.2352031817974956
427410,Abiotic Factor,4,1,1,1093.4337068522527,6.997992345783845
1929610,Demonologist,1,0,1,107.72416065255067,4.688814038541746
1929610,Demonologist,2,0,1,113.20875918390237,4.7380279946650194
1929610,Demonologist,3,1,1,135.76100572461328,4.918234918682444
1929610,Demonologist,4,1,1,110.96240720478498,4.718163164994762
361420,ASTRONEER,1,0,1,1327.2838729085731,7.191643066913336
361420,ASTRONEER,2,0,1,1234.7681396556702,7.11944803114522
361420,ASTRONEER,3,1,1,1561.558027434919,7.354079518479323
361420,ASTRONEER,4,1,1,1467.1877811401644,7.291784117301882
1601580,Frostpunk 2,1,0,1,512.5156101580817,6.24128042843544
1601580,Frostpunk 2,2,0,1,581.9178036683503,6.368046187848664
1601580,Frostpunk 2,3,1,1,536.5042980458543,6.286936756334227
1601580,Frostpunk 2,4,1,1,700.7964130269531,6.553643352031683
457140,Oxygen Not Included,1,0,1,10649.733636083982,9.273384054782314
457140,Oxygen Not Included,2,0,1,9519.816047994222,9.161235843438844
457140,Oxygen Not Included,3,1,1,11299.227205222567,9.33257811115516
457140,Oxygen Not Included,4,1,1,9476.940239341786,9.156722297310544
585420,Trailmakers,1,0,1,507.7243666213796,6.231906350468035
585420,Trailmakers,2,0,1,654.8110882626968,6.4858727722619625
585420,Trailmakers,3,1,1,530.4690920489679,6.275645043784352
585420,Trailmakers,4,1,1,622.7329576315909,6.4357223242581405
466560,Northgard: Definitive Edition,1,0,1,776.505791933977,6.65609109345841
466560,Northgard: Definitive Edition,2,0,1,913.7243103837171,6.818622719748434
466560,Northgard: Definitive Edition,3,1,1,1009.4945045654115,6.918195098496787
466560,Northgard: Definitive Edition,4,1,1,897.2983744502382,6.8005022786490175
2795540,The Midnight Walkers,1,0,1,1479.179358980692,7.299918547915896
2795540,The Midnight Walkers,2,0,1,1193.229054503409,7.085256113496556
2795540,The Midnight Walkers,3,1,1,1368.0622685442224,7.22188130894669
2795540,The Midnight Walkers,4,1,1,1643.4029559976993,7.40513265263686
1808500,ARC Raiders,1,0,0,111243.44882060731,11.619485300541797
1808500,ARC Raiders,2,0,0,116132.9685948278,11.662499705382132
1808500,ARC Raiders,3,1,0,99917.07141653601,11.512105843337526
1808500,ARC Raiders,4,1,0,124822.3613465782,11.73465490767662
381210,Dead by Daylight,1,0,0,40049.59438263749,10.597898793401047
381210,Dead by Daylight,2,0,0,39395.8740843961,10.581441754179114
381210,Dead by Daylight,3,1,0,30426.362359705323,10.323097560189234
381210,Dead by Daylight,4,1,0,39163.16773675113,10.575517519396849
3405690,EA SPORTS FC™ 26,1,0,0,32756.914673145657,10.396899881275077
3405690,EA SPORTS FC™ 26,2,0,0,25529.71527990743,10.147637527074053
3405690,EA SPORTS FC™ 26,3,1,0,29161.664226109297,10.280644547727778
3405690,EA SPORTS FC™ 26,4,1,0,30978.753284009523,10.34108915022093
3564740,Where Winds Meet,1,0,0,21559.051373599657,9.978597407840116
3564740,Where Winds Meet,2,0,0,25581.828185577826,10.149676631397254
3564740,Where Winds Meet,3,1,0,25287.524310633882,10.138105987255091
3564740,Where Winds Meet,4,1,0,26553.035218968158,10.186937000769955
230410,Warframe,1,0,0,45226.369146272955,10.719457694657534
230410,Warframe,2,0,0,43583.573995550934,10.682458559291014
230410,Warframe,3,1,0,42743.638693025954,10.662999055810877
230410,Warframe,4,1,0,54855.85789063499,10.912482487799092
236390,War Thunder,1,0,0,47053.46635274486,10.759061068302957
236390,War Thunder,2,0,0,58010.35995137984,10.968394131580936
236390,War Thunder,3,1,0,48651.29380806767,10.792454235692132
236390,War Thunder,4,1,0,51075.99310157075,10.841089441960582
3240220,Grand Theft Auto V Enhanced,1,0,0,57662.428313783756,10.962378426826602
3240220,Grand Theft Auto V Enhanced,2,0,0,68514.117680655,11.134809695968478
3240220,Grand Theft Auto V Enhanced,3,1,0,58683.73123133396,10.97993485667086
3240220,Grand Theft Auto V Enhanced,4,1,0,70801.45150284909,11.167648904828809
1371980,No Rest for the Wicked,1,0,0,16157.094425033942,9.690176405879116
1371980,No Rest for the Wicked,2,0,0,16314.502059014534,9.699870981401912
1371980,No Rest for the Wicked,3,1,0,21062.984736947707,9.955319976572184
1371980,No Rest for the Wicked,4,1,0,15584.12155197597,9.654071991463674
1174180,Red Dead Redemption 2,1,0,0,39563.49607837256,10.58568743141151
1174180,Red Dead Redemption 2,2,0,0,28210.668159545614,10.247490935872165
1174180,Red Dead Redemption 2,3,1,0,29326.762161569048,10.286289860443802
1174180,Red Dead Redemption 2,4,1,0,35264.55048347195,10.470661859430328
2767030,Marvel Rivals,1,0,0,66630.50120910938,11.106932735831206
2767030,Marvel Rivals,2,0,0,65451.88053589608,11.089085781613218
2767030,Marvel Rivals,3,1,0,47978.86766229251,10.778536778205066
2767030,Marvel Rivals,4,1,0,60409.722369946154,11.008921890848848
227300,Euro Truck Simulator 2,1,0,0,23597.890584658413,10.068954980784094
227300,Euro Truck Simulator 2,2,0,0,21444.328688395814,9.973262123874596
227300,Euro Truck Simulator 2,3,1,0,21818.37945270892,9.990553819601763
227300,Euro Truck Simulator 2,4,1,0,17099.68007639289,9.746873512249216
1151340,Fallout 76,1,0,0,11449.174873810854,9.345760281687665
1151340,Fallout 76,2,0,0,9162.046116732849,9.12293394788203
1151340,Fallout 76,3,1,0,11035.911549171422,9.309000529712632
1151340,Fallout 76,4,1,0,9741.486129545785,9.184251613506003
1551360,Forza Horizon 5,1,0,0,13892.620577187767,9.539185062486952
1551360,Forza Horizon 5,2,0,0,14312.44357001073,9.568954484412512
1551360,Forza Horizon 5,3,1,0,17308.56334654814,9.759014422349379
1551360,Forza Horizon 5,4,1,0,12792.920996665822,9.456725414960989
3419520,Quarantine Zone: The Last Check,1,0,0,3489.1654805879343,8.157704429713629
3419520,Quarantine Zone: The Last Check,2,0,0,3730.902519798439,8.224673441529218
3419520,Quarantine Zone: The Last Check,3,1,0,4528.628033861423,8.418395103375357
3419520,Quarantine Zone: The Last Check,4,1,0,3628.8953163020306,8.19695908835877
1172470,Apex Legends™,1,0,0,83421.94007871476,11.331678611420386
1172470,Apex Legends™,2,0,0,66211.05579783207,11.100617837094497
1172470,Apex Legends™,3,1,0,74105.59520330357,11.213259811416714
1172470,Apex Legends™,4,1,0,66855.99629768914,11.110311233713487
1086940,Baldur's Gate 3,1,0,0,36789.62234015485,10.51299826396974
1086940,Baldur's Gate 3,2,0,0,28455.026360748343,10.256115239996584
1086940,Baldur's Gate 3,3,1,0,38847.452305415856,10.567423517303817
1086940,Baldur's Gate 3,4,1,0,38588.13255531949,10.560725975795462
553850,HELLDIVERS™ 2,1,0,0,19891.811473438644,9.89811371296189
553850,HELLDIVERS™ 2,2,0,0,20927.02359951481,9.948844381908946
553850,HELLDIVERS™ 2,3,1,0,20854.41658827568,9.94536898189429
553850,HELLDIVERS™ 2,4,1,0,19855.85840723323,9.896304738139321
1313140,Cult of the Lamb,1,0,0,6995.003953173207,8.853094401200256
1313140,Cult of the Lamb,2,0,0,6984.929841750065,8.85165338262383
1313140,Cult of the Lamb,3,1,0,7830.534905023135,8.965913798512313
1313140,Cult of the Lamb,4,1,0,8930.277917668565,9.097314767514419
3949040,RV There Yet?,1,0,0,1839.3966080833256,7.517736375247299
3949040,RV There Yet?,2,0,0,1769.524302016542,7.479030997533183
3949040,RV There Yet?,3,1,0,1373.7700126502295,7.226041732583462
3949040,RV There Yet?,4,1,0,1502.7028044147353,7.315685881536002
1203620,Enshrouded,1,0,0,10114.230418629631,9.221797529236568
1203620,Enshrouded,2,0,0,8959.20180899623,9.100548029040802
1203620,Enshrouded,3,1,0,11326.581738914983,9.334995892486566
1203620,Enshrouded,4,1,0,10437.281841794214,9.25323527335197
552990,World of Warships,1,0,0,7933.179726188425,8.97893525347569
552990,World of Warships,2,0,0,6754.196205339864,8.81806729591472
552990,World of Warships,3,1,0,6407.063127991679,8.765312340134077
552990,World of Warships,4,1,0,5847.539127992082,8.673947187329489
3513350,Wuthering Waves,1,0,0,7767.97751961777,8.957893841345742
3513350,Wuthering Waves,2,0,0,7263.995175193486,8.890822911887643
3513350,Wuthering Waves,3,1,0,6936.348047649462,8.844674854773295
3513350,Wuthering Waves,4,1,0,6036.742844919245,8.705785519912865
2362060,CODE VEIN II,1,0,0,7250.015618072678,8.888896823289102
2362060,CODE VEIN II,2,0,0,6481.778225638438,8.776904435988671
2362060,CODE VEIN II,3,1,0,5546.942540283264,8.621182424546783
2362060,CODE VEIN II,4,1,0,5366.545973095024,8.588126094801495
252490,Rust,1,0,0,71470.15128408905,11.17704916871852
252490,Rust,2,0,0,93144.02985738814,11.441913018271164
252490,Rust,3,1,0,90894.06864635459,11.417461028378838
252490,Rust,4,1,0,91976.57097075997,11.429300032512552
578080,PUBG: BATTLEGROUNDS,1,0,0,289995.71874221857,12.57762488721664
578080,PUBG: BATTLEGROUNDS,2,0,0,306576.6716557512,12.633226417118069
578080,PUBG: BATTLEGROUNDS,3,1,0,293731.35021260247,12.590424258252737
578080,PUBG: BATTLEGROUNDS,4,1,0,315346.69762711,12.661431111057091
2694490,Path of Exile 2,1,0,0,24860.137154918564,10.121061106372476
2694490,Path of Exile 2,2,0,0,21229.646477247457,9.963201005352255
2694490,Path of Exile 2,3,1,0,17592.987736219853,9.775312516769059
2694490,Path of Exile 2,4,1,0,22205.01207161089,10.008118345233395
1631270,StarRupture,1,0,0,4736.07510239122,8.46317515721885
1631270,StarRupture,2,0,0,3849.6493836286636,8.255997084130843
1631270,StarRupture,3,1,0,4909.560155049132,8.499143298812813
1631270,StarRupture,4,1,0,4663.690808793408,8.447776832155297
2073620,Arena Breakout: Infinite,1,0,0,16016.735621817425,9.681451863679209
2073620,Arena Breakout: Infinite,2,0,0,15496.08579264261,9.648407271852712
2073620,Arena Breakout: Infinite,3,1,0,14414.747484443147,9.576076463354747
2073620,Arena Breakout: Infinite,4,1,0,17921.658450100767,9.793821026536087
2807960,Battlefield™ 6,1,0,0,24601.822796677046,10.110616463169826
2807960,Battlefield™ 6,2,0,0,24181.765819519485,10.093395502222878
2807960,Battlefield™ 6,3,1,0,26243.176848207313,10.175199409056884
2807960,Battlefield™ 6,4,1,0,26615.69932774526,10.18929409206554
2592160,Dispatch,1,0,0,1559.8303003277488,7.352973202451929
2592160,Dispatch,2,0,0,1415.5077069514484,7.255949760096891
2592160,Dispatch,3,1,0,1799.191656051794,7.495648413800463
2592160,Dispatch,4,1,0,1750.461207432707,7.468205694195126
1466060,Tainted Grail: The Fall of Avalon,1,0,0,2663.146155837877,7.88763889345785
1466060,Tainted Grail: The Fall of Avalon,2,0,0,2227.3615813816627,7.709021877548241
1466060,Tainted Grail: The Fall of Avalon,3,1,0,2602.6184360318352,7.864657462650207
1466060,Tainted Grail: The Fall of Avalon,4,1,0,2268.5393110149416,7.727332143189529
1245620,ELDEN RING,1,0,0,18284.84076195477,9.813882310491922
1245620,ELDEN RING,2,0,0,20580.279923694776,9.932137200053518
1245620,ELDEN RING,3,1,0,22085.733875431353,10.002732430137593
1245620,ELDEN RING,4,1,0,25897.72547290009,10.161949036936264
3274580,Anno 117: Pax Romana,1,0,0,1243.055435085369,7.126131834272001
3274580,Anno 117: Pax Romana,2,0,0,1338.7301215632147,7.200223470842391
3274580,Anno 117: Pax Romana,3,1,0,1405.1736811052824,7.248627593265973
3274580,Anno 117: Pax Romana,4,1,0,1633.3507808044305,7.3990009285152265
1091500,Cyberpunk 2077,1,0,0,25314.18409433827,10.139159656522077
1091500,Cyberpunk 2077,2,0,0,24319.017731734908,10.09905506518078
1091500,Cyberpunk 2077,3,1,0,21460.061395379376,9.973995474205768
1091500,Cyberpunk 2077,4,1,0,20251.51345474786,9.9160341860544
1361210,"Warhammer 40,000: Darktide",1,0,0,5832.07197426852,8.671299065828638
1361210,"Warhammer 40,000: Darktide",2,0,0,5771.30875764988,8.660827410779433
1361210,"Warhammer 40,000: Darktide",3,1,0,6461.041461701402,8.77370056259744
1361210,"Warhammer 40,000: Darktide",4,1,0,6108.839092233113,8.717655716668801
1974050,Torchlight: Infinite,1,0,0,6516.554549964163,8.782254515540819
1974050,Torchlight: Infinite,2,0,0,8360.578766355531,9.031402535899458
1974050,Torchlight: Infinite,3,1,0,5977.060525218773,8.695851467452846
1974050,Torchlight: Infinite,4,1,0,7750.52970460131,8.955645484109157
1085660,Destiny 2,1,0,0,9543.411258977741,9.16371105368945
1085660,Destiny 2,2,0,0,8745.044105065897,9.07635677484443
1085660,Destiny 2,3,1,0,7597.6249408381045,8.935722581067735
1085660,Destiny 2,4,1,0,9167.7700821884,9.12355843217529
2139460,Once Human,1,0,0,10299.14300962441,9.239913058550894
2139460,Once Human,2,0,0,10423.305454633408,9.25189542139084
2139460,Once Human,3,1,0,9668.273860345007,9.176708493626244
2139460,Once Human,4,1,0,9631.241975544724,9.172871289278806
3472040,NBA 2K26,1,0,0,18964.069939498535,9.85035414193579
3472040,NBA 2K26,2,0,0,19427.58210564059,9.874500565217755
3472040,NBA 2K26,3,1,0,14012.897794404307,9.5478048157973
3472040,NBA 2K26,4,1,0,17169.73669059889,9.750961858655367
2840770,Avatar: Frontiers of Pandora™,1,0,0,1762.7332114926282,7.4751879844782785
2840770,Avatar: Frontiers of Pandora™,2,0,0,1944.4200426264256,7.573233192955738
2840770,Avatar: Frontiers of Pandora™,3,1,0,2506.0823854298187,7.82687495977623
2840770,Avatar: Frontiers of Pandora™,4,1,0,2015.9534280955027,7.609343447997756
1326470,Sons Of The Forest,1,0,0,6853.631386000621,8.832679817538285
1326470,Sons Of The Forest,2,0,0,6236.561964500804,8.738344674198936
1326470,Sons Of The Forest,3,1,0,6710.507547227193,8.81157887644873
1326470,Sons Of The Forest,4,1,0,6447.817731860728,8.771652095602866
1903340,Clair Obscur: Expedition 33,1,0,0,6420.931323293914,8.76747418061749
1903340,Clair Obscur: Expedition 33,2,0,0,8009.917890059102,8.988560626513245
1903340,Clair Obscur: Expedition 33,3,1,0,8303.246751500854,9.024522319740308
1903340,Clair Obscur: Expedition 33,4,1,0,7074.19802808326,8.86435071195482
2537590,Microsoft Flight Simulator 2024,1,0,0,3363.4044736045516,8.121006249776066
2537590,Microsoft Flight Simulator 2024,2,0,0,3224.434258106359,8.07882287384127
2537590,Microsoft Flight Simulator 2024,3,1,0,3450.14868980411,8.146462408175076
2537590,Microsoft Flight Simulator 2024,4,1,0,3372.754345928134,8.12378145249089
1774580,STAR WARS Jedi: Survivor™,1,0,0,1412.785590642476,7.254026201750042
1774580,STAR WARS Jedi: Survivor™,2,0,0,1285.0884652491488,7.159360693449572
1774580,STAR WARS Jedi: Survivor™,3,1,0,1134.0412809879926,7.034424300168628
1774580,STAR WARS Jedi: Survivor™,4,1,0,1336.1951566396597,7.198329532522976
1449850,Yu-Gi-Oh! Master Duel,1,0,0,14846.897224731398,9.605613533176285
1449850,Yu-Gi-Oh! Master Duel,2,0,0,11027.927899174292,9.308276908899185
1449850,Yu-Gi-Oh! Master Duel,3,1,0,11890.12248288489,9.383547390854202
1449850,Yu-Gi-Oh! Master Duel,4,1,0,15069.960201792763,9.620525005701756
306130,The Elder Scrolls® Online,1,0,0,6338.373316623029,8.754535196587176
306130,The Elder Scrolls® Online,2,0,0,5387.122248904526,8.59195222637912
306130,The Elder Scrolls® Online,3,1,0,7139.859886570238,8.873588480374995
306130,The Elder Scrolls® Online,4,1,0,7501.61222042309,8.923006534939823
3241660,R.E.P.O.,1,0,0,13809.035753985387,9.53315083539241
3241660,R.E.P.O.,2,0,0,18433.92295601298,9.822002131435914
3241660,R.E.P.O.,3,1,0,16164.574509727801,9.690639229876137
3241660,R.E.P.O.,4,1,0,18288.44889507363,9.814079609442356
251570,7 Days to Die,1,0,0,19391.359280766323,9.872634415964654
251570,7 Days to Die,2,0,0,20086.84895636114,9.90787038171124
251570,7 Days to Die,3,1,0,14713.500885827298,9.596588741358191
251570,7 Days to Die,4,1,0,15279.52877833889,9.634334668033972
284160,BeamNG.drive,1,0,0,12662.978443268072,9.446516899353783
284160,BeamNG.drive,2,0,0,14852.90697956384,9.606018205894017
284160,BeamNG.drive,3,1,0,13776.071836049307,9.53076102823216
284160,BeamNG.drive,4,1,0,13557.212769447335,9.514747751144608
518790,theHunter: Call of the Wild™,1,0,0,3599.9537518877128,8.18895402043608
518790,theHunter: Call of the Wild™,2,0,0,3194.0001957195987,8.069342428069724
518790,theHunter: Call of the Wild™,3,1,0,3217.8267442206343,8.076772206992473
518790,theHunter: Call of the Wild™,4,1,0,3437.0322710260975,8.142654572468286
3527290,PEAK,1,0,0,8748.995886175757,9.076808509200207
3527290,PEAK,2,0,0,11122.984346517798,9.316858808171798
3527290,PEAK,3,1,0,8008.849690999664,8.988427274717756
3527290,PEAK,4,1,0,9733.648726201434,9.183446833560144
427520,Factorio,1,0,0,10921.598039638111,9.298589136719215
427520,Factorio,2,0,0,13973.082969637333,9.54495967652409
427520,Factorio,3,1,0,11269.538570923582,9.329947393906526
427520,Factorio,4,1,0,13870.367798375904,9.53758212404696
304390,FOR HONOR™,1,0,0,4281.60496728443,8.362316740647321
304390,FOR HONOR™,2,0,0,3338.183070214686,8.113481466297712
304390,FOR HONOR™,3,1,0,3233.989346790849,8.081780913820104
304390,FOR HONOR™,4,1,0,3867.9268201318355,8.26073244010753
2947440,SILENT HILL f,1,0,0,567.0856333800825,6.342272170350657
2947440,SILENT HILL f,2,0,0,527.9741962359651,6.2709396522866765
2947440,SILENT HILL f,3,1,0,680.5612006436609,6.524386049956586
2947440,SILENT HILL f,4,1,0,720.7319656978253,6.58165383132103
526870,Satisfactory,1,0,0,11343.588715303076,9.336496144049363
526870,Satisfactory,2,0,0,11167.32461035052,9.32083689069279
526870,Satisfactory,3,1,0,11036.126212140729,9.309019979074062
526870,Satisfactory,4,1,0,11209.219427264152,9.324581090117643
2668510,Red Dead Redemption,1,0,0,1064.2986388860884,6.971010450935014
2668510,Red Dead Redemption,2,0,0,982.9520253833385,6.891577141171975
2668510,Red Dead Redemption,3,1,0,886.5475968787816,6.78846215019747
2668510,Red Dead Redemption,4,1,0,914.6396886641056,6.819622934303767
1812450,Bellwright,1,0,0,2691.285298534313,7.898145665288166
1812450,Bellwright,2,0,0,3290.5388852608726,8.099110480680126
1812450,Bellwright,3,1,0,2612.7644821302342,7.86854679147555
1812450,Bellwright,4,1,0,2745.38837513554,7.91804200937001
2141910,Magic: The Gathering Arena,1,0,0,4649.844461447865,8.444804086705725
2141910,Magic: The Gathering Arena,2,0,0,6767.6870007207735,8.820062403333248
2141910,Magic: The Gathering Arena,3,1,0,5163.175508137491,8.54950073824753
2141910,Magic: The Gathering Arena,4,1,0,5586.372532390566,8.628264425666627
270880,American Truck Simulator,1,0,0,3497.5977969163937,8.160117537751626
270880,American Truck Simulator,2,0,0,3595.546803870824,8.187729442950197
270880,American Truck Simulator,3,1,0,4244.839665203433,8.353694880175619
270880,American Truck Simulator,4,1,0,4416.809254511018,8.393399208423977
2622380,ELDEN RING NIGHTREIGN,1,0,0,22781.275542461273,10.033738124130869
2622380,ELDEN RING NIGHTREIGN,2,0,0,27527.69870076021,10.222984328612645
2622380,ELDEN RING NIGHTREIGN,3,1,0,25715.32579527719,10.154881314153064
2622380,ELDEN RING NIGHTREIGN,4,1,0,22392.55762151855,10.016528590294334
2001120,Split Fiction,1,0,0,4118.768335984866,8.323552211632768
2001120,Split Fiction,2,0,0,4228.857068515655,8.349923481520413
2001120,Split Fiction,3,1,0,4574.062556629272,8.428375651196308
2001120,Split Fiction,4,1,0,3853.957042373152,8.257115142582075
3059520,F1® 25,1,0,0,2612.315776770759,7.868375106581364
3059520,F1® 25,2,0,0,2528.79178426741,7.835892279626308
3059520,F1® 25,3,1,0,3154.0976063872204,8.056774711545021
3059520,F1® 25,4,1,0,3024.63728521122,8.014877021073643
1154030,Titan Quest II,1,0,0,467.687929386533,6.149937151207945
1154030,Titan Quest II,2,0,0,336.02171810152726,5.820147373680971
1154030,Titan Quest II,3,1,0,364.4393782327332,5.901100405605208
1154030,Titan Quest II,4,1,0,424.7022937943229,6.053740261107875
648800,Raft,1,0,0,4993.311110696715,8.516054765794966
648800,Raft,2,0,0,4123.579368497568,8.32471932229604
648800,Raft,3,1,0,5400.063433433988,8.594351145281188
648800,Raft,4,1,0,5720.018174864562,8.65190207113196
1623730,Palworld,1,0,0,27756.04545501632,10.231244977220758
1623730,Palworld,2,0,0,28190.945621528117,10.246791599872244
1623730,Palworld,3,1,0,27932.391968572305,10.23757809691343
1623730,Palworld,4,1,0,36376.330865835764,10.501701081206699
22380,Fallout: New Vegas,1,0,0,6636.3881021431125,8.800473806973907
22380,Fallout: New Vegas,2,0,0,7093.862295381105,8.867126180720959
22380,Fallout: New Vegas,3,1,0,7711.482974054001,8.950595460633119
22380,Fallout: New Vegas,4,1,0,6105.003813384855,8.717027797825393
286160,Tabletop Simulator,1,0,0,4218.581945121859,8.347491336985783
286160,Tabletop Simulator,2,0,0,4096.446920813051,8.318119356492117
286160,Tabletop Simulator,3,1,0,4621.538571287812,8.438699307474776
286160,Tabletop Simulator,4,1,0,4410.960761406959,8.392074486727081
440,Team Fortress 2,1,0,0,43629.47030288752,10.683511045406052
440,Team Fortress 2,2,0,0,44663.596208283474,10.706936435644687
440,Team Fortress 2,3,1,0,47001.04780784834,10.757946450122786
440,Team Fortress 2,4,1,0,52862.215500303086,10.875463016809563
962130,Grounded,1,0,0,2128.5027799780605,7.663643794822881
962130,Grounded,2,0,0,2172.9049961088767,7.684280366684365
962130,Grounded,3,1,0,2170.6907418121937,7.683261286851885
962130,Grounded,4,1,0,1836.0117493814464,7.515895481156265
346110,ARK: Survival Evolved,1,0,0,18308.90965060288,9.815197703227266
346110,ARK: Survival Evolved,2,0,0,17312.53778352924,9.759244005308089
346110,ARK: Survival Evolved,3,1,0,16270.0548876459,9.69714303447552
346110,ARK: Survival Evolved,4,1,0,19010.709473205847,9.852810356384543
2827200,MIMESIS,1,0,0,326.13038951735786,5.790358836121112
2827200,MIMESIS,2,0,0,391.6465281696262,5.972909787733215
2827200,MIMESIS,3,1,0,289.0559475158282,5.6700738268417465
2827200,MIMESIS,4,1,0,409.01846535059354,6.01620219612467
3656800,Train Sim World® 6,1,0,0,511.87107464545454,6.240024497104895
3656800,Train Sim World® 6,2,0,0,569.5975756020466,6.346684189913112
3656800,Train Sim World® 6,3,1,0,541.996689984777,6.297103224123049
3656800,Train Sim World® 6,4,1,0,510.9663542867723,6.238258908596582
813780,Age of Empires II: Definitive Edition,1,0,0,10916.264558747936,9.298100719635805
813780,Age of Empires II: Definitive Edition,2,0,0,11989.629343698485,9.391880735693139
813780,Age of Empires II: Definitive Edition,3,1,0,13561.736047273424,9.515081314538618
813780,Age of Empires II: Definitive Edition,4,1,0,9637.034671228386,9.1734724945406
2001120,Split Fiction,1,0,0,4171.979484690739,8.336385564377872
2001120,Split Fiction,2,0,0,3681.3850901432324,8.211315943543942
2001120,Split Fiction,3,1,0,4219.108303353906,8.347616071002609
2001120,Split Fiction,4,1,0,4034.6832814021986,8.302930905005352
2956680,LORT,1,0,0,1834.9759585760391,7.515331476637208
2956680,LORT,2,0,0,1439.2323938797665,7.272559764187673
2956680,LORT,3,1,0,1679.4196965290623,7.426798860560181
2956680,LORT,4,1,0,1917.4662250763065,7.559281304672153
1462040,FINAL FANTASY VII REMAKE INTERGRADE,1,0,0,1270.4522583013138,7.147915036616008
1462040,FINAL FANTASY VII REMAKE INTERGRADE,2,0,0,1346.3041853721293,7.2058609752456055
1462040,FINAL FANTASY VII REMAKE INTERGRADE,3,1,0,1475.0041575903858,7.297093821952105
1462040,FINAL FANTASY VII REMAKE INTERGRADE,4,1,0,1206.4054662095123,7.0962290936085894
2661300,Grounded 2,1,0,0,3651.461421426749,8.20315658133136
2661300,Grounded 2,2,0,0,3980.5283159452833,8.28942102355097
2661300,Grounded 2,3,1,0,4549.8538929759425,8.423070163123334
2661300,Grounded 2,4,1,0,3334.374193410702,8.112340153977808
281990,Stellaris,1,0,0,14666.308457705578,9.59337638175484
281990,Stellaris,2,0,0,14487.143942091929,9.581085934777004
281990,Stellaris,3,1,0,14797.071371033688,9.602252138492766
281990,Stellaris,4,1,0,12041.118709263214,9.39616567591163
413150,Stardew Valley,1,0,0,66302.98797005288,11.102005324742864
413150,Stardew Valley,2,0,0,61205.93821182859,11.022015831548908
413150,Stardew Valley,3,1,0,71234.7669655506,11.173750316288825
413150,Stardew Valley,4,1,0,53528.88927187306,10.887995454860592
431960,Wallpaper Engine,1,0,0,97601.10529420587,11.488654342805896
431960,Wallpaper Engine,2,0,0,112294.18597561997,11.628886272270918
431960,Wallpaper Engine,3,1,0,80748.64061873431,11.29910879053301
431960,Wallpaper Engine,4,1,0,81391.08688522223,11.307033334552912
594650,Hunt: Showdown 1896,1,0,0,10445.952022571582,9.254065542367078
594650,Hunt: Showdown 1896,2,0,0,11121.428397123562,9.316718924999197
594650,Hunt: Showdown 1896,3,1,0,12678.935218192255,9.447776119002793
594650,Hunt: Showdown 1896,4,1,0,13380.744656687813,9.501646718058325
2062430,BALL x PIT,1,0,0,3726.158327298982,8.223401379741162
2062430,BALL x PIT,2,0,0,4493.4503412875765,8.410598657178932
2062430,BALL x PIT,3,1,0,3520.0711875261063,8.166520536935934
2062430,BALL x PIT,4,1,0,3478.467301909312,8.154634486887483
294100,RimWorld,1,0,0,20009.223003398958,9.903998572113327
294100,RimWorld,2,0,0,21984.790388810048,9.998151632245007
294100,RimWorld,3,1,0,22442.705391978416,10.018765470424812
294100,RimWorld,4,1,0,20270.41222826578,9.916966907875867
546560,Half-Life: Alyx,1,0,0,344.98260533465816,5.846388500194711
546560,Half-Life: Alyx,2,0,0,270.8891900569942,5.605394593794007
546560,Half-Life: Alyx,3,1,0,305.7445150836054,5.726015202693116
546560,Half-Life: Alyx,4,1,0,290.83751900194244,5.676197205622934
3669570,Alchemy Factory,1,0,0,1561.0986346694367,7.353785474801268
3669570,Alchemy Factory,2,0,0,1564.9242005448027,7.356231472151179
3669570,Alchemy Factory,3,1,0,1997.0020961362811,7.599903008325207
3669570,Alchemy Factory,4,1,0,2174.464483751747,7.684997476470931
1129580,Medieval Dynasty,1,0,0,1673.3028985193719,7.4231521776438045
1129580,Medieval Dynasty,2,0,0,1545.456037358658,7.343721164536233
1129580,Medieval Dynasty,3,1,0,1747.3340862744394,7.4664186628244105
1129580,Medieval Dynasty,4,1,0,2217.4103665585635,7.7045461672795446
261550,Mount & Blade II: Bannerlord,1,0,0,21416.57172523915,9.971966972740688
261550,Mount & Blade II: Bannerlord,2,0,0,17839.14129622361,9.789206326294542
261550,Mount & Blade II: Bannerlord,3,1,0,17890.269158453917,9.792068116325991
261550,Mount & Blade II: Bannerlord,4,1,0,18685.478046290365,9.835555442151547
892970,Valheim,1,0,0,10599.041427755765,9.268613188371367
892970,Valheim,2,0,0,13853.407595684694,9.5363586989441
892970,Valheim,3,1,0,13211.30190242484,9.488903636872136
892970,Valheim,4,1,0,11561.827065794752,9.355550668192055
1783560,The Last Caretaker,1,0,0,927.9524685768125,6.834057573432591
1783560,The Last Caretaker,2,0,0,1242.5514532544362,7.125726640155365
1783560,The Last Caretaker,3,1,0,933.965823679967,6.840509976406699
1783560,The Last Caretaker,4,1,0,1072.904709879988,6.97905654662603
2958130,Jurassic World Evolution 3,1,0,0,877.9217324990068,6.778695852195155
2958130,Jurassic World Evolution 3,2,0,0,817.0418758816878,6.706913528301828
2958130,Jurassic World Evolution 3,3,1,0,750.7855573636513,6.622451120202866
2958130,Jurassic World Evolution 3,4,1,0,847.5023169917857,6.743472815362109
